<?xml version="1.0" encoding="UTF-8"?>
<DocSetNodes version="1.0">
    <TOC>
        <Node type="folder">
            <Name>MendeleyKit</Name>
            <Path>index.html</Path>
			<Subnodes>
                
				
				<Node type="folder">
					<Name>Classes</Name>
					<Path>index.html</Path>
					<Subnodes>
						<NodeRef refid="1"/>
						<NodeRef refid="2"/>
						<NodeRef refid="3"/>
						<NodeRef refid="4"/>
						<NodeRef refid="5"/>
						<NodeRef refid="6"/>
						<NodeRef refid="7"/>
						<NodeRef refid="8"/>
						<NodeRef refid="9"/>
						<NodeRef refid="10"/>
						<NodeRef refid="11"/>
						<NodeRef refid="12"/>
						<NodeRef refid="13"/>
						<NodeRef refid="14"/>
						<NodeRef refid="15"/>
						<NodeRef refid="16"/>
						<NodeRef refid="17"/>
						<NodeRef refid="18"/>
						<NodeRef refid="19"/>
						<NodeRef refid="20"/>
						<NodeRef refid="21"/>
						<NodeRef refid="22"/>
						<NodeRef refid="23"/>
						<NodeRef refid="24"/>
						<NodeRef refid="25"/>
						<NodeRef refid="26"/>
						<NodeRef refid="27"/>
						<NodeRef refid="28"/>
						<NodeRef refid="29"/>
						<NodeRef refid="30"/>
						<NodeRef refid="31"/>
						<NodeRef refid="32"/>
						<NodeRef refid="33"/>
						<NodeRef refid="34"/>
						<NodeRef refid="35"/>
						<NodeRef refid="36"/>
						<NodeRef refid="37"/>
						<NodeRef refid="38"/>
						<NodeRef refid="39"/>
						<NodeRef refid="40"/>
						<NodeRef refid="41"/>
						<NodeRef refid="42"/>
						
					</Subnodes>
				</Node>
				
				
				<Node>
					<Name>Categories</Name>
					<Path>index.html</Path>
					<Subnodes>
						<NodeRef refid="43"/>
						<NodeRef refid="44"/>
						<NodeRef refid="45"/>
						<NodeRef refid="46"/>
						
					</Subnodes>
				</Node>
				
                
				<Node>
					<Name>Protocols</Name>
					<Path>index.html</Path>
					<Subnodes>
						<NodeRef refid="47"/>
						<NodeRef refid="48"/>
						<NodeRef refid="49"/>
						<NodeRef refid="50"/>
						
					</Subnodes>
				</Node>
				
                
				<Node>
					<Name>Constants</Name>
					<Path>index.html</Path>
					<Subnodes>
						<NodeRef refid="51"/>
						<NodeRef refid="52"/>
						<NodeRef refid="53"/>
						<NodeRef refid="54"/>
						<NodeRef refid="55"/>
						<NodeRef refid="56"/>
						
					</Subnodes>
				</Node>
				
                
                <Node>
                    <Name>Blocks</Name>
                    <Path>index.html</Path>
                    <Subnodes>
                        <NodeRef refid="57"/>
                        <NodeRef refid="58"/>
                        <NodeRef refid="59"/>
                        <NodeRef refid="60"/>
                        <NodeRef refid="61"/>
                        <NodeRef refid="62"/>
                        <NodeRef refid="63"/>
                        <NodeRef refid="64"/>
                        <NodeRef refid="65"/>
                        <NodeRef refid="66"/>
                        
                    </Subnodes>
                </Node>
                
			</Subnodes>
        </Node>
    </TOC>
	<Library>
		
		<Node id="1" type="file" documentType="reference">
            <Name>MendeleyAnnotation</Name>
            <Path>Classes/MendeleyAnnotation.html</Path>
            
                <Subnodes>
                <Node type="section">
                    <Path>Classes/MendeleyAnnotation.html</Path>
                    <Name>Overview</Name>
                    <Anchor>overview</Anchor>
                </Node>
                <Node type="section">
                    <Path>Classes/MendeleyAnnotation.html</Path>
                    <Name>Tasks</Name>
                    <Anchor>tasks</Anchor>
                </Node>
                
                
                <Node type="section">
                    <Path>Classes/MendeleyAnnotation.html</Path>
                    <Name>Class Methods</Name>
                    <Anchor>class_methods</Anchor>
                </Node>
                
                
            </Subnodes>
            
        </Node>
		<Node id="2" type="file" documentType="reference">
            <Name>MendeleyAnnotationsAPI</Name>
            <Path>Classes/MendeleyAnnotationsAPI.html</Path>
            
                <Subnodes>
                <Node type="section">
                    <Path>Classes/MendeleyAnnotationsAPI.html</Path>
                    <Name>Overview</Name>
                    <Anchor>overview</Anchor>
                </Node>
                <Node type="section">
                    <Path>Classes/MendeleyAnnotationsAPI.html</Path>
                    <Name>Tasks</Name>
                    <Anchor>tasks</Anchor>
                </Node>
                
                
                
                <Node type="section">
                    <Path>Classes/MendeleyAnnotationsAPI.html</Path>
                    <Name>Instance Methods</Name>
                    <Anchor>instance_methods</Anchor>
                </Node>
                
            </Subnodes>
            
        </Node>
		<Node id="3" type="file" documentType="reference">
            <Name>MendeleyBlockExecutor</Name>
            <Path>Classes/MendeleyBlockExecutor.html</Path>
            
                <Subnodes>
                <Node type="section">
                    <Path>Classes/MendeleyBlockExecutor.html</Path>
                    <Name>Overview</Name>
                    <Anchor>overview</Anchor>
                </Node>
                <Node type="section">
                    <Path>Classes/MendeleyBlockExecutor.html</Path>
                    <Name>Tasks</Name>
                    <Anchor>tasks</Anchor>
                </Node>
                
                
                
                <Node type="section">
                    <Path>Classes/MendeleyBlockExecutor.html</Path>
                    <Name>Instance Methods</Name>
                    <Anchor>instance_methods</Anchor>
                </Node>
                
            </Subnodes>
            
        </Node>
		<Node id="4" type="file" documentType="reference">
            <Name>MendeleyCatalogDocument</Name>
            <Path>Classes/MendeleyCatalogDocument.html</Path>
            
                <Subnodes>
                <Node type="section">
                    <Path>Classes/MendeleyCatalogDocument.html</Path>
                    <Name>Overview</Name>
                    <Anchor>overview</Anchor>
                </Node>
                <Node type="section">
                    <Path>Classes/MendeleyCatalogDocument.html</Path>
                    <Name>Tasks</Name>
                    <Anchor>tasks</Anchor>
                </Node>
                
                <Node type="section">
                    <Path>Classes/MendeleyCatalogDocument.html</Path>
                    <Name>Properties</Name>
                    <Anchor>properties</Anchor>
                </Node>
                
                
                
            </Subnodes>
            
        </Node>
		<Node id="5" type="file" documentType="reference">
            <Name>MendeleyConnectionReachability</Name>
            <Path>Classes/MendeleyConnectionReachability.html</Path>
            
                <Subnodes>
                <Node type="section">
                    <Path>Classes/MendeleyConnectionReachability.html</Path>
                    <Name>Overview</Name>
                    <Anchor>overview</Anchor>
                </Node>
                <Node type="section">
                    <Path>Classes/MendeleyConnectionReachability.html</Path>
                    <Name>Tasks</Name>
                    <Anchor>tasks</Anchor>
                </Node>
                
                
                <Node type="section">
                    <Path>Classes/MendeleyConnectionReachability.html</Path>
                    <Name>Class Methods</Name>
                    <Anchor>class_methods</Anchor>
                </Node>
                
                
                <Node type="section">
                    <Path>Classes/MendeleyConnectionReachability.html</Path>
                    <Name>Instance Methods</Name>
                    <Anchor>instance_methods</Anchor>
                </Node>
                
            </Subnodes>
            
        </Node>
		<Node id="6" type="file" documentType="reference">
            <Name>MendeleyDataHelper</Name>
            <Path>Classes/MendeleyDataHelper.html</Path>
            
                <Subnodes>
                <Node type="section">
                    <Path>Classes/MendeleyDataHelper.html</Path>
                    <Name>Overview</Name>
                    <Anchor>overview</Anchor>
                </Node>
                <Node type="section">
                    <Path>Classes/MendeleyDataHelper.html</Path>
                    <Name>Tasks</Name>
                    <Anchor>tasks</Anchor>
                </Node>
                
                
                
                <Node type="section">
                    <Path>Classes/MendeleyDataHelper.html</Path>
                    <Name>Instance Methods</Name>
                    <Anchor>instance_methods</Anchor>
                </Node>
                
            </Subnodes>
            
        </Node>
		<Node id="7" type="file" documentType="reference">
            <Name>MendeleyDefaultNetworkProvider</Name>
            <Path>Classes/MendeleyDefaultNetworkProvider.html</Path>
            
                <Subnodes>
                <Node type="section">
                    <Path>Classes/MendeleyDefaultNetworkProvider.html</Path>
                    <Name>Overview</Name>
                    <Anchor>overview</Anchor>
                </Node>
                <Node type="section">
                    <Path>Classes/MendeleyDefaultNetworkProvider.html</Path>
                    <Name>Tasks</Name>
                    <Anchor>tasks</Anchor>
                </Node>
                
                
                <Node type="section">
                    <Path>Classes/MendeleyDefaultNetworkProvider.html</Path>
                    <Name>Class Methods</Name>
                    <Anchor>class_methods</Anchor>
                </Node>
                
                
            </Subnodes>
            
        </Node>
		<Node id="8" type="file" documentType="reference">
            <Name>MendeleyDefaultOAuthProvider</Name>
            <Path>Classes/MendeleyDefaultOAuthProvider.html</Path>
            
                <Subnodes>
                <Node type="section">
                    <Path>Classes/MendeleyDefaultOAuthProvider.html</Path>
                    <Name>Overview</Name>
                    <Anchor>overview</Anchor>
                </Node>
                <Node type="section">
                    <Path>Classes/MendeleyDefaultOAuthProvider.html</Path>
                    <Name>Tasks</Name>
                    <Anchor>tasks</Anchor>
                </Node>
                
                
                <Node type="section">
                    <Path>Classes/MendeleyDefaultOAuthProvider.html</Path>
                    <Name>Class Methods</Name>
                    <Anchor>class_methods</Anchor>
                </Node>
                
                
            </Subnodes>
            
        </Node>
		<Node id="9" type="file" documentType="reference">
            <Name>MendeleyDocument</Name>
            <Path>Classes/MendeleyDocument.html</Path>
            
                <Subnodes>
                <Node type="section">
                    <Path>Classes/MendeleyDocument.html</Path>
                    <Name>Overview</Name>
                    <Anchor>overview</Anchor>
                </Node>
                <Node type="section">
                    <Path>Classes/MendeleyDocument.html</Path>
                    <Name>Tasks</Name>
                    <Anchor>tasks</Anchor>
                </Node>
                
                <Node type="section">
                    <Path>Classes/MendeleyDocument.html</Path>
                    <Name>Properties</Name>
                    <Anchor>properties</Anchor>
                </Node>
                
                
                
            </Subnodes>
            
        </Node>
		<Node id="10" type="file" documentType="reference">
            <Name>MendeleyDocumentsAPI</Name>
            <Path>Classes/MendeleyDocumentsAPI.html</Path>
            
                <Subnodes>
                <Node type="section">
                    <Path>Classes/MendeleyDocumentsAPI.html</Path>
                    <Name>Overview</Name>
                    <Anchor>overview</Anchor>
                </Node>
                <Node type="section">
                    <Path>Classes/MendeleyDocumentsAPI.html</Path>
                    <Name>Tasks</Name>
                    <Anchor>tasks</Anchor>
                </Node>
                
                
                
                <Node type="section">
                    <Path>Classes/MendeleyDocumentsAPI.html</Path>
                    <Name>Instance Methods</Name>
                    <Anchor>instance_methods</Anchor>
                </Node>
                
            </Subnodes>
            
        </Node>
		<Node id="11" type="file" documentType="reference">
            <Name>MendeleyDownloadHelper</Name>
            <Path>Classes/MendeleyDownloadHelper.html</Path>
            
                <Subnodes>
                <Node type="section">
                    <Path>Classes/MendeleyDownloadHelper.html</Path>
                    <Name>Overview</Name>
                    <Anchor>overview</Anchor>
                </Node>
                <Node type="section">
                    <Path>Classes/MendeleyDownloadHelper.html</Path>
                    <Name>Tasks</Name>
                    <Anchor>tasks</Anchor>
                </Node>
                
                
                
                <Node type="section">
                    <Path>Classes/MendeleyDownloadHelper.html</Path>
                    <Name>Instance Methods</Name>
                    <Anchor>instance_methods</Anchor>
                </Node>
                
            </Subnodes>
            
        </Node>
		<Node id="12" type="file" documentType="reference">
            <Name>MendeleyErrorManager</Name>
            <Path>Classes/MendeleyErrorManager.html</Path>
            
                <Subnodes>
                <Node type="section">
                    <Path>Classes/MendeleyErrorManager.html</Path>
                    <Name>Overview</Name>
                    <Anchor>overview</Anchor>
                </Node>
                <Node type="section">
                    <Path>Classes/MendeleyErrorManager.html</Path>
                    <Name>Tasks</Name>
                    <Anchor>tasks</Anchor>
                </Node>
                
                
                <Node type="section">
                    <Path>Classes/MendeleyErrorManager.html</Path>
                    <Name>Class Methods</Name>
                    <Anchor>class_methods</Anchor>
                </Node>
                
                
                <Node type="section">
                    <Path>Classes/MendeleyErrorManager.html</Path>
                    <Name>Instance Methods</Name>
                    <Anchor>instance_methods</Anchor>
                </Node>
                
            </Subnodes>
            
        </Node>
		<Node id="13" type="file" documentType="reference">
            <Name>MendeleyFilesAPI</Name>
            <Path>Classes/MendeleyFilesAPI.html</Path>
            
                <Subnodes>
                <Node type="section">
                    <Path>Classes/MendeleyFilesAPI.html</Path>
                    <Name>Overview</Name>
                    <Anchor>overview</Anchor>
                </Node>
                <Node type="section">
                    <Path>Classes/MendeleyFilesAPI.html</Path>
                    <Name>Tasks</Name>
                    <Anchor>tasks</Anchor>
                </Node>
                
                
                
                <Node type="section">
                    <Path>Classes/MendeleyFilesAPI.html</Path>
                    <Name>Instance Methods</Name>
                    <Anchor>instance_methods</Anchor>
                </Node>
                
            </Subnodes>
            
        </Node>
		<Node id="14" type="file" documentType="reference">
            <Name>MendeleyFoldersAPI</Name>
            <Path>Classes/MendeleyFoldersAPI.html</Path>
            
                <Subnodes>
                <Node type="section">
                    <Path>Classes/MendeleyFoldersAPI.html</Path>
                    <Name>Overview</Name>
                    <Anchor>overview</Anchor>
                </Node>
                <Node type="section">
                    <Path>Classes/MendeleyFoldersAPI.html</Path>
                    <Name>Tasks</Name>
                    <Anchor>tasks</Anchor>
                </Node>
                
                
                
                <Node type="section">
                    <Path>Classes/MendeleyFoldersAPI.html</Path>
                    <Name>Instance Methods</Name>
                    <Anchor>instance_methods</Anchor>
                </Node>
                
            </Subnodes>
            
        </Node>
		<Node id="15" type="file" documentType="reference">
            <Name>MendeleyGroupsAPI</Name>
            <Path>Classes/MendeleyGroupsAPI.html</Path>
            
                <Subnodes>
                <Node type="section">
                    <Path>Classes/MendeleyGroupsAPI.html</Path>
                    <Name>Overview</Name>
                    <Anchor>overview</Anchor>
                </Node>
                <Node type="section">
                    <Path>Classes/MendeleyGroupsAPI.html</Path>
                    <Name>Tasks</Name>
                    <Anchor>tasks</Anchor>
                </Node>
                
                
                
                <Node type="section">
                    <Path>Classes/MendeleyGroupsAPI.html</Path>
                    <Name>Instance Methods</Name>
                    <Anchor>instance_methods</Anchor>
                </Node>
                
            </Subnodes>
            
        </Node>
		<Node id="16" type="file" documentType="reference">
            <Name>MendeleyHighlightBox</Name>
            <Path>Classes/MendeleyHighlightBox.html</Path>
            
                <Subnodes>
                <Node type="section">
                    <Path>Classes/MendeleyHighlightBox.html</Path>
                    <Name>Overview</Name>
                    <Anchor>overview</Anchor>
                </Node>
                <Node type="section">
                    <Path>Classes/MendeleyHighlightBox.html</Path>
                    <Name>Tasks</Name>
                    <Anchor>tasks</Anchor>
                </Node>
                
                
                <Node type="section">
                    <Path>Classes/MendeleyHighlightBox.html</Path>
                    <Name>Class Methods</Name>
                    <Anchor>class_methods</Anchor>
                </Node>
                
                
            </Subnodes>
            
        </Node>
		<Node id="17" type="file" documentType="reference">
            <Name>MendeleyKit</Name>
            <Path>Classes/MendeleyKit.html</Path>
            
                <Subnodes>
                <Node type="section">
                    <Path>Classes/MendeleyKit.html</Path>
                    <Name>Overview</Name>
                    <Anchor>overview</Anchor>
                </Node>
                <Node type="section">
                    <Path>Classes/MendeleyKit.html</Path>
                    <Name>Tasks</Name>
                    <Anchor>tasks</Anchor>
                </Node>
                
                
                <Node type="section">
                    <Path>Classes/MendeleyKit.html</Path>
                    <Name>Class Methods</Name>
                    <Anchor>class_methods</Anchor>
                </Node>
                
                
                <Node type="section">
                    <Path>Classes/MendeleyKit.html</Path>
                    <Name>Instance Methods</Name>
                    <Anchor>instance_methods</Anchor>
                </Node>
                
            </Subnodes>
            
        </Node>
		<Node id="18" type="file" documentType="reference">
            <Name>MendeleyKitConfiguration</Name>
            <Path>Classes/MendeleyKitConfiguration.html</Path>
            
                <Subnodes>
                <Node type="section">
                    <Path>Classes/MendeleyKitConfiguration.html</Path>
                    <Name>Overview</Name>
                    <Anchor>overview</Anchor>
                </Node>
                <Node type="section">
                    <Path>Classes/MendeleyKitConfiguration.html</Path>
                    <Name>Tasks</Name>
                    <Anchor>tasks</Anchor>
                </Node>
                
                
                <Node type="section">
                    <Path>Classes/MendeleyKitConfiguration.html</Path>
                    <Name>Class Methods</Name>
                    <Anchor>class_methods</Anchor>
                </Node>
                
                
                <Node type="section">
                    <Path>Classes/MendeleyKitConfiguration.html</Path>
                    <Name>Instance Methods</Name>
                    <Anchor>instance_methods</Anchor>
                </Node>
                
            </Subnodes>
            
        </Node>
		<Node id="19" type="file" documentType="reference">
            <Name>MendeleyKitHelper</Name>
            <Path>Classes/MendeleyKitHelper.html</Path>
            
                <Subnodes>
                <Node type="section">
                    <Path>Classes/MendeleyKitHelper.html</Path>
                    <Name>Overview</Name>
                    <Anchor>overview</Anchor>
                </Node>
                <Node type="section">
                    <Path>Classes/MendeleyKitHelper.html</Path>
                    <Name>Tasks</Name>
                    <Anchor>tasks</Anchor>
                </Node>
                
                
                
                <Node type="section">
                    <Path>Classes/MendeleyKitHelper.html</Path>
                    <Name>Instance Methods</Name>
                    <Anchor>instance_methods</Anchor>
                </Node>
                
            </Subnodes>
            
        </Node>
		<Node id="20" type="file" documentType="reference">
            <Name>MendeleyLog</Name>
            <Path>Classes/MendeleyLog.html</Path>
            
                <Subnodes>
                <Node type="section">
                    <Path>Classes/MendeleyLog.html</Path>
                    <Name>Overview</Name>
                    <Anchor>overview</Anchor>
                </Node>
                <Node type="section">
                    <Path>Classes/MendeleyLog.html</Path>
                    <Name>Tasks</Name>
                    <Anchor>tasks</Anchor>
                </Node>
                
                <Node type="section">
                    <Path>Classes/MendeleyLog.html</Path>
                    <Name>Properties</Name>
                    <Anchor>properties</Anchor>
                </Node>
                
                
                
                <Node type="section">
                    <Path>Classes/MendeleyLog.html</Path>
                    <Name>Instance Methods</Name>
                    <Anchor>instance_methods</Anchor>
                </Node>
                
            </Subnodes>
            
        </Node>
		<Node id="21" type="file" documentType="reference">
            <Name>MendeleyLoginController</Name>
            <Path>Classes/MendeleyLoginController.html</Path>
            
                <Subnodes>
                <Node type="section">
                    <Path>Classes/MendeleyLoginController.html</Path>
                    <Name>Overview</Name>
                    <Anchor>overview</Anchor>
                </Node>
                <Node type="section">
                    <Path>Classes/MendeleyLoginController.html</Path>
                    <Name>Tasks</Name>
                    <Anchor>tasks</Anchor>
                </Node>
                
                
                
                <Node type="section">
                    <Path>Classes/MendeleyLoginController.html</Path>
                    <Name>Instance Methods</Name>
                    <Anchor>instance_methods</Anchor>
                </Node>
                
            </Subnodes>
            
        </Node>
		<Node id="22" type="file" documentType="reference">
            <Name>MendeleyMetadataAPI</Name>
            <Path>Classes/MendeleyMetadataAPI.html</Path>
            
                <Subnodes>
                <Node type="section">
                    <Path>Classes/MendeleyMetadataAPI.html</Path>
                    <Name>Overview</Name>
                    <Anchor>overview</Anchor>
                </Node>
                <Node type="section">
                    <Path>Classes/MendeleyMetadataAPI.html</Path>
                    <Name>Tasks</Name>
                    <Anchor>tasks</Anchor>
                </Node>
                
                
                
                <Node type="section">
                    <Path>Classes/MendeleyMetadataAPI.html</Path>
                    <Name>Instance Methods</Name>
                    <Anchor>instance_methods</Anchor>
                </Node>
                
            </Subnodes>
            
        </Node>
		<Node id="23" type="file" documentType="reference">
            <Name>MendeleyModeller</Name>
            <Path>Classes/MendeleyModeller.html</Path>
            
                <Subnodes>
                <Node type="section">
                    <Path>Classes/MendeleyModeller.html</Path>
                    <Name>Overview</Name>
                    <Anchor>overview</Anchor>
                </Node>
                <Node type="section">
                    <Path>Classes/MendeleyModeller.html</Path>
                    <Name>Tasks</Name>
                    <Anchor>tasks</Anchor>
                </Node>
                
                
                <Node type="section">
                    <Path>Classes/MendeleyModeller.html</Path>
                    <Name>Class Methods</Name>
                    <Anchor>class_methods</Anchor>
                </Node>
                
                
                <Node type="section">
                    <Path>Classes/MendeleyModeller.html</Path>
                    <Name>Instance Methods</Name>
                    <Anchor>instance_methods</Anchor>
                </Node>
                
            </Subnodes>
            
        </Node>
		<Node id="24" type="file" documentType="reference">
            <Name>MendeleyNetworkDownloadTask</Name>
            <Path>Classes/MendeleyNetworkDownloadTask.html</Path>
            
                <Subnodes>
                <Node type="section">
                    <Path>Classes/MendeleyNetworkDownloadTask.html</Path>
                    <Name>Overview</Name>
                    <Anchor>overview</Anchor>
                </Node>
                <Node type="section">
                    <Path>Classes/MendeleyNetworkDownloadTask.html</Path>
                    <Name>Tasks</Name>
                    <Anchor>tasks</Anchor>
                </Node>
                
                
                
                <Node type="section">
                    <Path>Classes/MendeleyNetworkDownloadTask.html</Path>
                    <Name>Instance Methods</Name>
                    <Anchor>instance_methods</Anchor>
                </Node>
                
            </Subnodes>
            
        </Node>
		<Node id="25" type="file" documentType="reference">
            <Name>MendeleyNetworkTask</Name>
            <Path>Classes/MendeleyNetworkTask.html</Path>
            
                <Subnodes>
                <Node type="section">
                    <Path>Classes/MendeleyNetworkTask.html</Path>
                    <Name>Overview</Name>
                    <Anchor>overview</Anchor>
                </Node>
                <Node type="section">
                    <Path>Classes/MendeleyNetworkTask.html</Path>
                    <Name>Tasks</Name>
                    <Anchor>tasks</Anchor>
                </Node>
                
                
                
                <Node type="section">
                    <Path>Classes/MendeleyNetworkTask.html</Path>
                    <Name>Instance Methods</Name>
                    <Anchor>instance_methods</Anchor>
                </Node>
                
            </Subnodes>
            
        </Node>
		<Node id="26" type="file" documentType="reference">
            <Name>MendeleyNetworkUploadTask</Name>
            <Path>Classes/MendeleyNetworkUploadTask.html</Path>
            
                <Subnodes>
                <Node type="section">
                    <Path>Classes/MendeleyNetworkUploadTask.html</Path>
                    <Name>Overview</Name>
                    <Anchor>overview</Anchor>
                </Node>
                <Node type="section">
                    <Path>Classes/MendeleyNetworkUploadTask.html</Path>
                    <Name>Tasks</Name>
                    <Anchor>tasks</Anchor>
                </Node>
                
                
                
                <Node type="section">
                    <Path>Classes/MendeleyNetworkUploadTask.html</Path>
                    <Name>Instance Methods</Name>
                    <Anchor>instance_methods</Anchor>
                </Node>
                
            </Subnodes>
            
        </Node>
		<Node id="27" type="file" documentType="reference">
            <Name>MendeleyOAuthCredentials</Name>
            <Path>Classes/MendeleyOAuthCredentials.html</Path>
            
                <Subnodes>
                <Node type="section">
                    <Path>Classes/MendeleyOAuthCredentials.html</Path>
                    <Name>Overview</Name>
                    <Anchor>overview</Anchor>
                </Node>
                <Node type="section">
                    <Path>Classes/MendeleyOAuthCredentials.html</Path>
                    <Name>Tasks</Name>
                    <Anchor>tasks</Anchor>
                </Node>
                
                
                
                <Node type="section">
                    <Path>Classes/MendeleyOAuthCredentials.html</Path>
                    <Name>Instance Methods</Name>
                    <Anchor>instance_methods</Anchor>
                </Node>
                
            </Subnodes>
            
        </Node>
		<Node id="28" type="file" documentType="reference">
            <Name>MendeleyOAuthStore</Name>
            <Path>Classes/MendeleyOAuthStore.html</Path>
            
                <Subnodes>
                <Node type="section">
                    <Path>Classes/MendeleyOAuthStore.html</Path>
                    <Name>Overview</Name>
                    <Anchor>overview</Anchor>
                </Node>
                <Node type="section">
                    <Path>Classes/MendeleyOAuthStore.html</Path>
                    <Name>Tasks</Name>
                    <Anchor>tasks</Anchor>
                </Node>
                
                
                
                <Node type="section">
                    <Path>Classes/MendeleyOAuthStore.html</Path>
                    <Name>Instance Methods</Name>
                    <Anchor>instance_methods</Anchor>
                </Node>
                
            </Subnodes>
            
        </Node>
		<Node id="29" type="file" documentType="reference">
            <Name>MendeleyOAuthTokenHelper</Name>
            <Path>Classes/MendeleyOAuthTokenHelper.html</Path>
            
                <Subnodes>
                <Node type="section">
                    <Path>Classes/MendeleyOAuthTokenHelper.html</Path>
                    <Name>Overview</Name>
                    <Anchor>overview</Anchor>
                </Node>
                <Node type="section">
                    <Path>Classes/MendeleyOAuthTokenHelper.html</Path>
                    <Name>Tasks</Name>
                    <Anchor>tasks</Anchor>
                </Node>
                
                
                <Node type="section">
                    <Path>Classes/MendeleyOAuthTokenHelper.html</Path>
                    <Name>Class Methods</Name>
                    <Anchor>class_methods</Anchor>
                </Node>
                
                
            </Subnodes>
            
        </Node>
		<Node id="30" type="file" documentType="reference">
            <Name>MendeleyObjectAPI</Name>
            <Path>Classes/MendeleyObjectAPI.html</Path>
            
                <Subnodes>
                <Node type="section">
                    <Path>Classes/MendeleyObjectAPI.html</Path>
                    <Name>Overview</Name>
                    <Anchor>overview</Anchor>
                </Node>
                <Node type="section">
                    <Path>Classes/MendeleyObjectAPI.html</Path>
                    <Name>Tasks</Name>
                    <Anchor>tasks</Anchor>
                </Node>
                
                
                
                <Node type="section">
                    <Path>Classes/MendeleyObjectAPI.html</Path>
                    <Name>Instance Methods</Name>
                    <Anchor>instance_methods</Anchor>
                </Node>
                
            </Subnodes>
            
        </Node>
		<Node id="31" type="file" documentType="reference">
            <Name>MendeleyObjectHelper</Name>
            <Path>Classes/MendeleyObjectHelper.html</Path>
            
                <Subnodes>
                <Node type="section">
                    <Path>Classes/MendeleyObjectHelper.html</Path>
                    <Name>Overview</Name>
                    <Anchor>overview</Anchor>
                </Node>
                <Node type="section">
                    <Path>Classes/MendeleyObjectHelper.html</Path>
                    <Name>Tasks</Name>
                    <Anchor>tasks</Anchor>
                </Node>
                
                
                <Node type="section">
                    <Path>Classes/MendeleyObjectHelper.html</Path>
                    <Name>Class Methods</Name>
                    <Anchor>class_methods</Anchor>
                </Node>
                
                
            </Subnodes>
            
        </Node>
		<Node id="32" type="file" documentType="reference">
            <Name>MendeleyProfilesAPI</Name>
            <Path>Classes/MendeleyProfilesAPI.html</Path>
            
                <Subnodes>
                <Node type="section">
                    <Path>Classes/MendeleyProfilesAPI.html</Path>
                    <Name>Overview</Name>
                    <Anchor>overview</Anchor>
                </Node>
                <Node type="section">
                    <Path>Classes/MendeleyProfilesAPI.html</Path>
                    <Name>Tasks</Name>
                    <Anchor>tasks</Anchor>
                </Node>
                
                
                
                <Node type="section">
                    <Path>Classes/MendeleyProfilesAPI.html</Path>
                    <Name>Instance Methods</Name>
                    <Anchor>instance_methods</Anchor>
                </Node>
                
            </Subnodes>
            
        </Node>
		<Node id="33" type="file" documentType="reference">
            <Name>MendeleyQueryRequestParameters</Name>
            <Path>Classes/MendeleyQueryRequestParameters.html</Path>
            
                <Subnodes>
                <Node type="section">
                    <Path>Classes/MendeleyQueryRequestParameters.html</Path>
                    <Name>Overview</Name>
                    <Anchor>overview</Anchor>
                </Node>
                <Node type="section">
                    <Path>Classes/MendeleyQueryRequestParameters.html</Path>
                    <Name>Tasks</Name>
                    <Anchor>tasks</Anchor>
                </Node>
                
                
                
                <Node type="section">
                    <Path>Classes/MendeleyQueryRequestParameters.html</Path>
                    <Name>Instance Methods</Name>
                    <Anchor>instance_methods</Anchor>
                </Node>
                
            </Subnodes>
            
        </Node>
		<Node id="34" type="file" documentType="reference">
            <Name>MendeleyRequest</Name>
            <Path>Classes/MendeleyRequest.html</Path>
            
                <Subnodes>
                <Node type="section">
                    <Path>Classes/MendeleyRequest.html</Path>
                    <Name>Overview</Name>
                    <Anchor>overview</Anchor>
                </Node>
                <Node type="section">
                    <Path>Classes/MendeleyRequest.html</Path>
                    <Name>Tasks</Name>
                    <Anchor>tasks</Anchor>
                </Node>
                
                
                <Node type="section">
                    <Path>Classes/MendeleyRequest.html</Path>
                    <Name>Class Methods</Name>
                    <Anchor>class_methods</Anchor>
                </Node>
                
                
                <Node type="section">
                    <Path>Classes/MendeleyRequest.html</Path>
                    <Name>Instance Methods</Name>
                    <Anchor>instance_methods</Anchor>
                </Node>
                
            </Subnodes>
            
        </Node>
		<Node id="35" type="file" documentType="reference">
            <Name>MendeleyResponse</Name>
            <Path>Classes/MendeleyResponse.html</Path>
            
                <Subnodes>
                <Node type="section">
                    <Path>Classes/MendeleyResponse.html</Path>
                    <Name>Overview</Name>
                    <Anchor>overview</Anchor>
                </Node>
                <Node type="section">
                    <Path>Classes/MendeleyResponse.html</Path>
                    <Name>Tasks</Name>
                    <Anchor>tasks</Anchor>
                </Node>
                
                
                <Node type="section">
                    <Path>Classes/MendeleyResponse.html</Path>
                    <Name>Class Methods</Name>
                    <Anchor>class_methods</Anchor>
                </Node>
                
                
                <Node type="section">
                    <Path>Classes/MendeleyResponse.html</Path>
                    <Name>Instance Methods</Name>
                    <Anchor>instance_methods</Anchor>
                </Node>
                
            </Subnodes>
            
        </Node>
		<Node id="36" type="file" documentType="reference">
            <Name>MendeleySimpleNetworkProvider</Name>
            <Path>Classes/MendeleySimpleNetworkProvider.html</Path>
            
                <Subnodes>
                <Node type="section">
                    <Path>Classes/MendeleySimpleNetworkProvider.html</Path>
                    <Name>Overview</Name>
                    <Anchor>overview</Anchor>
                </Node>
                <Node type="section">
                    <Path>Classes/MendeleySimpleNetworkProvider.html</Path>
                    <Name>Tasks</Name>
                    <Anchor>tasks</Anchor>
                </Node>
                
                
                <Node type="section">
                    <Path>Classes/MendeleySimpleNetworkProvider.html</Path>
                    <Name>Class Methods</Name>
                    <Anchor>class_methods</Anchor>
                </Node>
                
                
            </Subnodes>
            
        </Node>
		<Node id="37" type="file" documentType="reference">
            <Name>MendeleySimpleNetworkTask</Name>
            <Path>Classes/MendeleySimpleNetworkTask.html</Path>
            
                <Subnodes>
                <Node type="section">
                    <Path>Classes/MendeleySimpleNetworkTask.html</Path>
                    <Name>Overview</Name>
                    <Anchor>overview</Anchor>
                </Node>
                <Node type="section">
                    <Path>Classes/MendeleySimpleNetworkTask.html</Path>
                    <Name>Tasks</Name>
                    <Anchor>tasks</Anchor>
                </Node>
                
                
                
                <Node type="section">
                    <Path>Classes/MendeleySimpleNetworkTask.html</Path>
                    <Name>Instance Methods</Name>
                    <Anchor>instance_methods</Anchor>
                </Node>
                
            </Subnodes>
            
        </Node>
		<Node id="38" type="file" documentType="reference">
            <Name>MendeleySyncInfo</Name>
            <Path>Classes/MendeleySyncInfo.html</Path>
            
                <Subnodes>
                <Node type="section">
                    <Path>Classes/MendeleySyncInfo.html</Path>
                    <Name>Overview</Name>
                    <Anchor>overview</Anchor>
                </Node>
                <Node type="section">
                    <Path>Classes/MendeleySyncInfo.html</Path>
                    <Name>Tasks</Name>
                    <Anchor>tasks</Anchor>
                </Node>
                
                
                
                <Node type="section">
                    <Path>Classes/MendeleySyncInfo.html</Path>
                    <Name>Instance Methods</Name>
                    <Anchor>instance_methods</Anchor>
                </Node>
                
            </Subnodes>
            
        </Node>
		<Node id="39" type="file" documentType="reference">
            <Name>MendeleyTask</Name>
            <Path>Classes/MendeleyTask.html</Path>
            
                <Subnodes>
                <Node type="section">
                    <Path>Classes/MendeleyTask.html</Path>
                    <Name>Overview</Name>
                    <Anchor>overview</Anchor>
                </Node>
                <Node type="section">
                    <Path>Classes/MendeleyTask.html</Path>
                    <Name>Tasks</Name>
                    <Anchor>tasks</Anchor>
                </Node>
                
                
                
                <Node type="section">
                    <Path>Classes/MendeleyTask.html</Path>
                    <Name>Instance Methods</Name>
                    <Anchor>instance_methods</Anchor>
                </Node>
                
            </Subnodes>
            
        </Node>
		<Node id="40" type="file" documentType="reference">
            <Name>MendeleyTaskProvider</Name>
            <Path>Classes/MendeleyTaskProvider.html</Path>
            
                <Subnodes>
                <Node type="section">
                    <Path>Classes/MendeleyTaskProvider.html</Path>
                    <Name>Overview</Name>
                    <Anchor>overview</Anchor>
                </Node>
                <Node type="section">
                    <Path>Classes/MendeleyTaskProvider.html</Path>
                    <Name>Tasks</Name>
                    <Anchor>tasks</Anchor>
                </Node>
                
                
                <Node type="section">
                    <Path>Classes/MendeleyTaskProvider.html</Path>
                    <Name>Class Methods</Name>
                    <Anchor>class_methods</Anchor>
                </Node>
                
                
            </Subnodes>
            
        </Node>
		<Node id="41" type="file" documentType="reference">
            <Name>MendeleyURLBuilder</Name>
            <Path>Classes/MendeleyURLBuilder.html</Path>
            
                <Subnodes>
                <Node type="section">
                    <Path>Classes/MendeleyURLBuilder.html</Path>
                    <Name>Overview</Name>
                    <Anchor>overview</Anchor>
                </Node>
                <Node type="section">
                    <Path>Classes/MendeleyURLBuilder.html</Path>
                    <Name>Tasks</Name>
                    <Anchor>tasks</Anchor>
                </Node>
                
                
                <Node type="section">
                    <Path>Classes/MendeleyURLBuilder.html</Path>
                    <Name>Class Methods</Name>
                    <Anchor>class_methods</Anchor>
                </Node>
                
                
            </Subnodes>
            
        </Node>
		<Node id="42" type="file" documentType="reference">
            <Name>MendeleyUploadHelper</Name>
            <Path>Classes/MendeleyUploadHelper.html</Path>
            
                <Subnodes>
                <Node type="section">
                    <Path>Classes/MendeleyUploadHelper.html</Path>
                    <Name>Overview</Name>
                    <Anchor>overview</Anchor>
                </Node>
                <Node type="section">
                    <Path>Classes/MendeleyUploadHelper.html</Path>
                    <Name>Tasks</Name>
                    <Anchor>tasks</Anchor>
                </Node>
                
                
                
                <Node type="section">
                    <Path>Classes/MendeleyUploadHelper.html</Path>
                    <Name>Instance Methods</Name>
                    <Anchor>instance_methods</Anchor>
                </Node>
                
            </Subnodes>
            
        </Node>
		
		<Node id="43" type="file" documentType="reference">
            <Name>NSDictionary(Merge)</Name>
            <Path>Categories/NSDictionary+Merge.html</Path>
            
                <Subnodes>
                <Node type="section">
                    <Path>Categories/NSDictionary+Merge.html</Path>
                    <Name>Overview</Name>
                    <Anchor>overview</Anchor>
                </Node>
                <Node type="section">
                    <Path>Categories/NSDictionary+Merge.html</Path>
                    <Name>Tasks</Name>
                    <Anchor>tasks</Anchor>
                </Node>
                
                
                <Node type="section">
                    <Path>Categories/NSDictionary+Merge.html</Path>
                    <Name>Class Methods</Name>
                    <Anchor>class_methods</Anchor>
                </Node>
                
                
                <Node type="section">
                    <Path>Categories/NSDictionary+Merge.html</Path>
                    <Name>Instance Methods</Name>
                    <Anchor>instance_methods</Anchor>
                </Node>
                
            </Subnodes>
            
        </Node>
		<Node id="44" type="file" documentType="reference">
            <Name>NSError(Exceptions)</Name>
            <Path>Categories/NSError+Exceptions.html</Path>
            
                <Subnodes>
                <Node type="section">
                    <Path>Categories/NSError+Exceptions.html</Path>
                    <Name>Overview</Name>
                    <Anchor>overview</Anchor>
                </Node>
                <Node type="section">
                    <Path>Categories/NSError+Exceptions.html</Path>
                    <Name>Tasks</Name>
                    <Anchor>tasks</Anchor>
                </Node>
                
                
                <Node type="section">
                    <Path>Categories/NSError+Exceptions.html</Path>
                    <Name>Class Methods</Name>
                    <Anchor>class_methods</Anchor>
                </Node>
                
                
            </Subnodes>
            
        </Node>
		<Node id="45" type="file" documentType="reference">
            <Name>NSError(MendeleyKit)</Name>
            <Path>Categories/NSError+MendeleyKit.html</Path>
            
                <Subnodes>
                <Node type="section">
                    <Path>Categories/NSError+MendeleyKit.html</Path>
                    <Name>Overview</Name>
                    <Anchor>overview</Anchor>
                </Node>
                <Node type="section">
                    <Path>Categories/NSError+MendeleyKit.html</Path>
                    <Name>Tasks</Name>
                    <Anchor>tasks</Anchor>
                </Node>
                
                
                <Node type="section">
                    <Path>Categories/NSError+MendeleyKit.html</Path>
                    <Name>Class Methods</Name>
                    <Anchor>class_methods</Anchor>
                </Node>
                
                
            </Subnodes>
            
        </Node>
		<Node id="46" type="file" documentType="reference">
            <Name>NSMutableArray(MaximumSize)</Name>
            <Path>Categories/NSMutableArray+MaximumSize.html</Path>
            
                <Subnodes>
                <Node type="section">
                    <Path>Categories/NSMutableArray+MaximumSize.html</Path>
                    <Name>Overview</Name>
                    <Anchor>overview</Anchor>
                </Node>
                <Node type="section">
                    <Path>Categories/NSMutableArray+MaximumSize.html</Path>
                    <Name>Tasks</Name>
                    <Anchor>tasks</Anchor>
                </Node>
                
                
                
                <Node type="section">
                    <Path>Categories/NSMutableArray+MaximumSize.html</Path>
                    <Name>Instance Methods</Name>
                    <Anchor>instance_methods</Anchor>
                </Node>
                
            </Subnodes>
            
        </Node>
		
        <Node id="47" type="file" documentType="reference">
            <Name>MendeleyKitHelperDelegate</Name>
            <Path>Protocols/MendeleyKitHelperDelegate.html</Path>
            
                <Subnodes>
                <Node type="section">
                    <Path>Protocols/MendeleyKitHelperDelegate.html</Path>
                    <Name>Overview</Name>
                    <Anchor>overview</Anchor>
                </Node>
                <Node type="section">
                    <Path>Protocols/MendeleyKitHelperDelegate.html</Path>
                    <Name>Tasks</Name>
                    <Anchor>tasks</Anchor>
                </Node>
                
                
                
                <Node type="section">
                    <Path>Protocols/MendeleyKitHelperDelegate.html</Path>
                    <Name>Instance Methods</Name>
                    <Anchor>instance_methods</Anchor>
                </Node>
                
            </Subnodes>
            
        </Node>
		<Node id="48" type="file" documentType="reference">
            <Name>MendeleyNetworkProvider</Name>
            <Path>Protocols/MendeleyNetworkProvider.html</Path>
            
                <Subnodes>
                <Node type="section">
                    <Path>Protocols/MendeleyNetworkProvider.html</Path>
                    <Name>Overview</Name>
                    <Anchor>overview</Anchor>
                </Node>
                <Node type="section">
                    <Path>Protocols/MendeleyNetworkProvider.html</Path>
                    <Name>Tasks</Name>
                    <Anchor>tasks</Anchor>
                </Node>
                
                
                
                <Node type="section">
                    <Path>Protocols/MendeleyNetworkProvider.html</Path>
                    <Name>Instance Methods</Name>
                    <Anchor>instance_methods</Anchor>
                </Node>
                
            </Subnodes>
            
        </Node>
		<Node id="49" type="file" documentType="reference">
            <Name>MendeleyOAuthProvider</Name>
            <Path>Protocols/MendeleyOAuthProvider.html</Path>
            
                <Subnodes>
                <Node type="section">
                    <Path>Protocols/MendeleyOAuthProvider.html</Path>
                    <Name>Overview</Name>
                    <Anchor>overview</Anchor>
                </Node>
                <Node type="section">
                    <Path>Protocols/MendeleyOAuthProvider.html</Path>
                    <Name>Tasks</Name>
                    <Anchor>tasks</Anchor>
                </Node>
                
                
                
                <Node type="section">
                    <Path>Protocols/MendeleyOAuthProvider.html</Path>
                    <Name>Instance Methods</Name>
                    <Anchor>instance_methods</Anchor>
                </Node>
                
            </Subnodes>
            
        </Node>
		<Node id="50" type="file" documentType="reference">
            <Name>MendeleyUserInfoProvider</Name>
            <Path>Protocols/MendeleyUserInfoProvider.html</Path>
            
                <Subnodes>
                <Node type="section">
                    <Path>Protocols/MendeleyUserInfoProvider.html</Path>
                    <Name>Overview</Name>
                    <Anchor>overview</Anchor>
                </Node>
                <Node type="section">
                    <Path>Protocols/MendeleyUserInfoProvider.html</Path>
                    <Name>Tasks</Name>
                    <Anchor>tasks</Anchor>
                </Node>
                
                
                
                <Node type="section">
                    <Path>Protocols/MendeleyUserInfoProvider.html</Path>
                    <Name>Instance Methods</Name>
                    <Anchor>instance_methods</Anchor>
                </Node>
                
            </Subnodes>
            
        </Node>
		
        <Node id="51" type="file" documentType="reference">
            <Name>MendeleyErrorCode</Name>
            <Path>Constants/MendeleyErrorCode.html</Path>
            
        </Node>
		<Node id="52" type="file" documentType="reference">
            <Name>MendeleyGroupIconType</Name>
            <Path>Constants/MendeleyGroupIconType.html</Path>
            
        </Node>
		<Node id="53" type="file" documentType="reference">
            <Name>MendeleyHTTPRequestType</Name>
            <Path>Constants/MendeleyHTTPRequestType.html</Path>
            
        </Node>
		<Node id="54" type="file" documentType="reference">
            <Name>MendeleyPerformanceMeterConfiguration</Name>
            <Path>Constants/MendeleyPerformanceMeterConfiguration.html</Path>
            
        </Node>
		<Node id="55" type="file" documentType="reference">
            <Name>MendeleyReservedErrorCode</Name>
            <Path>Constants/MendeleyReservedErrorCode.html</Path>
            
        </Node>
		<Node id="56" type="file" documentType="reference">
            <Name>MendeleyResponseBodyContentType</Name>
            <Path>Constants/MendeleyResponseBodyContentType.html</Path>
            
        </Node>
		
        <Node id="57" type="file" documentType="reference">
            <Name>MendeleyArrayCompletionBlock</Name>
            <Path>Blocks/MendeleyArrayCompletionBlock.html</Path>
            
        </Node>
        <Node id="58" type="file" documentType="reference">
            <Name>MendeleyBinaryDataCompletionBlock</Name>
            <Path>Blocks/MendeleyBinaryDataCompletionBlock.html</Path>
            
        </Node>
        <Node id="59" type="file" documentType="reference">
            <Name>MendeleyCompletionBlock</Name>
            <Path>Blocks/MendeleyCompletionBlock.html</Path>
            
        </Node>
        <Node id="60" type="file" documentType="reference">
            <Name>MendeleyDeserializedResponseObject</Name>
            <Path>Blocks/MendeleyDeserializedResponseObject.html</Path>
            
        </Node>
        <Node id="61" type="file" documentType="reference">
            <Name>MendeleyDictionaryResponseBlock</Name>
            <Path>Blocks/MendeleyDictionaryResponseBlock.html</Path>
            
        </Node>
        <Node id="62" type="file" documentType="reference">
            <Name>MendeleyOAuthCompletionBlock</Name>
            <Path>Blocks/MendeleyOAuthCompletionBlock.html</Path>
            
        </Node>
        <Node id="63" type="file" documentType="reference">
            <Name>MendeleyObjectCompletionBlock</Name>
            <Path>Blocks/MendeleyObjectCompletionBlock.html</Path>
            
        </Node>
        <Node id="64" type="file" documentType="reference">
            <Name>MendeleyResponseCompletionBlock</Name>
            <Path>Blocks/MendeleyResponseCompletionBlock.html</Path>
            
        </Node>
        <Node id="65" type="file" documentType="reference">
            <Name>MendeleyResponseProgressBlock</Name>
            <Path>Blocks/MendeleyResponseProgressBlock.html</Path>
            
        </Node>
        <Node id="66" type="file" documentType="reference">
            <Name>MendeleyStringArrayCompletionBlock</Name>
            <Path>Blocks/MendeleyStringArrayCompletionBlock.html</Path>
            
        </Node>
        
	</Library>
</DocSetNodes>