<?xml version="1.0" encoding="UTF-8"?>
<Tokens version="1.0">
	<File path="Classes/MendeleyNSURLRequestDownloadHelper.html">
		
		<Token>
			<TokenIdentifier>//apple_ref/occ/cl/MendeleyNSURLRequestDownloadHelper</TokenIdentifier>
			<Abstract type="html"></Abstract>
			<DeclaredIn>MendeleyNSURLRequestDownloadHelper.h</DeclaredIn>
            
			
			<NodeRef refid="25"/>
		</Token>
		
		
		<Token>
			<TokenIdentifier>//apple_ref/occ/instm/MendeleyNSURLRequestDownloadHelper/initWithMendeleyRequest:toFileURL:progressBlock:completionBlock:</TokenIdentifier>
			<Abstract type="html">the request object holding all info we need to start NSURLConnection</Abstract>
			<DeclaredIn>MendeleyNSURLRequestDownloadHelper.h</DeclaredIn>
			
			<Declaration>- (id)initWithMendeleyRequest:(MendeleyRequest *)mendeleyRequest toFileURL:(NSURL *)toFileURL progressBlock:(MendeleyResponseProgressBlock)progressBlock completionBlock:(MendeleyResponseCompletionBlock)completionBlock</Declaration>
			<Parameters>
				<Parameter>
					<Name>mendeleyRequest</Name>
					<Abstract type="html">the request object holding all info we need to start NSURLConnection</Abstract>
				</Parameter><Parameter>
					<Name>toFileURL</Name>
					<Abstract type="html">the location to be downloaded to</Abstract>
				</Parameter><Parameter>
					<Name>progressBlock</Name>
					<Abstract type="html">a callback block for monitoring progress. Optional</Abstract>
				</Parameter><Parameter>
					<Name>completionBlock</Name>
					<Abstract type="html">the completion handling block. Required</Abstract>
				</Parameter>
			</Parameters>
			
			<Anchor>//api/name/initWithMendeleyRequest:toFileURL:progressBlock:completionBlock:</Anchor>
            <NodeRef refid="25"/>
		</Token>
		
        
        
	</File>
</Tokens>