<?xml version="1.0" encoding="UTF-8"?>
<Tokens version="1.0">
	<File path="Classes/MendeleyNSURLRequestHelper.html">
		
		<Token>
			<TokenIdentifier>//apple_ref/occ/cl/MendeleyNSURLRequestHelper</TokenIdentifier>
			<Abstract type="html"></Abstract>
			<DeclaredIn>MendeleyNSURLRequestHelper.h</DeclaredIn>
            
			
			<NodeRef refid="26"/>
		</Token>
		
		
		<Token>
			<TokenIdentifier>//apple_ref/occ/instm/MendeleyNSURLRequestHelper/initWithMendeleyRequest:completionBlock:</TokenIdentifier>
			<Abstract type="html">initialises the connection with a MendeleyRequest. The MendeleyRequest object holds all the data we need
to make the network connection
@param mendeleyRequest
@param completionBlock</Abstract>
			<DeclaredIn>MendeleyNSURLRequestHelper.h</DeclaredIn>
			
			<Declaration>- (id)initWithMendeleyRequest:(MendeleyRequest *)mendeleyRequest completionBlock:(MendeleyResponseCompletionBlock)completionBlock</Declaration>
			
			<ReturnValue><Abstract type="html">an instance of MendeleyNSURLRequestHelper</Abstract></ReturnValue>
			<Anchor>//api/name/initWithMendeleyRequest:completionBlock:</Anchor>
            <NodeRef refid="26"/>
		</Token>
		
		<Token>
			<TokenIdentifier>//apple_ref/occ/instm/MendeleyNSURLRequestHelper/startRequest</TokenIdentifier>
			<Abstract type="html">starts the actual NSURLConnection request</Abstract>
			<DeclaredIn>MendeleyNSURLRequestHelper.h</DeclaredIn>
			
			<Declaration>- (BOOL)startRequest</Declaration>
			
			<ReturnValue><Abstract type="html">BOOL if successful</Abstract></ReturnValue>
			<Anchor>//api/name/startRequest</Anchor>
            <NodeRef refid="26"/>
		</Token>
		
        
        
	</File>
</Tokens>