<?xml version="1.0" encoding="UTF-8"?>
<Tokens version="1.0">
	<File path="Classes/MendeleyLoginViewController.html">
		
		<Token>
			<TokenIdentifier>//apple_ref/occ/cl/MendeleyLoginViewController</TokenIdentifier>
			<Abstract type="html"></Abstract>
			<DeclaredIn>MendeleyLoginViewController.h</DeclaredIn>
            
			
			<NodeRef refid="25"/>
		</Token>
		
		
		<Token>
			<TokenIdentifier>//apple_ref/occ/instm/MendeleyLoginViewController/initWithClientKey:clientSecret:redirectURI:completionBlock:</TokenIdentifier>
			<Abstract type="html">   initialises the login view controller with Client App details
   @param clientKey
   @param clientSecret
   @param redirectURI
   @param completionBlock</Abstract>
			<DeclaredIn>MendeleyLoginViewController.h</DeclaredIn>
			
			<Declaration>- (id)initWithClientKey:(NSString *)clientKey clientSecret:(NSString *)clientSecret redirectURI:(NSString *)redirectURI completionBlock:(MendeleyCompletionBlock)completionBlock</Declaration>
			
			
			<Anchor>//api/name/initWithClientKey:clientSecret:redirectURI:completionBlock:</Anchor>
            <NodeRef refid="25"/>
		</Token>
		
		<Token>
			<TokenIdentifier>//apple_ref/occ/instm/MendeleyLoginViewController/initWithClientKey:clientSecret:redirectURI:completionBlock:customOAuthProvider:</TokenIdentifier>
			<Abstract type="html">   custom initialisers
   The completion block BOOL variable is set to YES if login has been successful
   NO otherwise
   @param clientKey
   @param clientSecret
   @param redirectURI
   @param completionBlock</Abstract>
			<DeclaredIn>MendeleyLoginViewController.h</DeclaredIn>
			
			<Declaration>- (id)initWithClientKey:(NSString *)clientKey clientSecret:(NSString *)clientSecret redirectURI:(NSString *)redirectURI completionBlock:(MendeleyCompletionBlock)completionBlock customOAuthProvider:(id&lt;MendeleyOAuthProvider&gt;)customOAuthProvider</Declaration>
			
			
			<Anchor>//api/name/initWithClientKey:clientSecret:redirectURI:completionBlock:customOAuthProvider:</Anchor>
            <NodeRef refid="25"/>
		</Token>
		
        
        
	</File>
</Tokens>