<?xml version="1.0" encoding="UTF-8"?>
<Tokens version="1.0">
	<File path="Classes/MendeleyGroupsAPI.html">
		
		<Token>
			<TokenIdentifier>//apple_ref/occ/cl/MendeleyGroupsAPI</TokenIdentifier>
			<Abstract type="html"></Abstract>
			<DeclaredIn>MendeleyGroupsAPI.h</DeclaredIn>
            
			
			<NodeRef refid="15"/>
		</Token>
		
		
		<Token>
			<TokenIdentifier>//apple_ref/occ/instm/MendeleyGroupsAPI/groupListWithQueryParameters:iconType:completionBlock:</TokenIdentifier>
			<Abstract type="html">   @param queryParameters
   @param iconType
   @param completionBlock</Abstract>
			<DeclaredIn>MendeleyGroupsAPI.h</DeclaredIn>
			
			<Declaration>- (void)groupListWithQueryParameters:(MendeleyGroupParameters *)queryParameters iconType:(MendeleyGroupIconType)iconType completionBlock:(MendeleyArrayCompletionBlock)completionBlock</Declaration>
			
			
			<Anchor>//api/name/groupListWithQueryParameters:iconType:completionBlock:</Anchor>
            <NodeRef refid="15"/>
		</Token>
		
		<Token>
			<TokenIdentifier>//apple_ref/occ/instm/MendeleyGroupsAPI/groupListWithLinkedURL:iconType:completionBlock:</TokenIdentifier>
			<Abstract type="html">   This method is only used when paging through a list of groups on the server.
   All required parameters are provided in the linkURL, which should not be modified</Abstract>
			<DeclaredIn>MendeleyGroupsAPI.h</DeclaredIn>
			
			<Declaration>- (void)groupListWithLinkedURL:(NSURL *)linkURL iconType:(MendeleyGroupIconType)iconType completionBlock:(MendeleyArrayCompletionBlock)completionBlock</Declaration>
			<Parameters>
				<Parameter>
					<Name>linkURL</Name>
					<Abstract type="html">the full HTTP link to the document listings page
   @param iconType
   @param completionBlock</Abstract>
				</Parameter>
			</Parameters>
			
			<Anchor>//api/name/groupListWithLinkedURL:iconType:completionBlock:</Anchor>
            <NodeRef refid="15"/>
		</Token>
		
		<Token>
			<TokenIdentifier>//apple_ref/occ/instm/MendeleyGroupsAPI/groupWithGroupID:iconType:completionBlock:</TokenIdentifier>
			<Abstract type="html">   @param groupID
   @param iconType
   @param completionBlock</Abstract>
			<DeclaredIn>MendeleyGroupsAPI.h</DeclaredIn>
			
			<Declaration>- (void)groupWithGroupID:(NSString *)groupID iconType:(MendeleyGroupIconType)iconType completionBlock:(MendeleyObjectCompletionBlock)completionBlock</Declaration>
			
			
			<Anchor>//api/name/groupWithGroupID:iconType:completionBlock:</Anchor>
            <NodeRef refid="15"/>
		</Token>
		
		<Token>
			<TokenIdentifier>//apple_ref/occ/instm/MendeleyGroupsAPI/groupMemberListWithGroupID:parameters:completionBlock:</TokenIdentifier>
			<Abstract type="html">   @param groupID
   @param queryParameters
   @param completionBlock</Abstract>
			<DeclaredIn>MendeleyGroupsAPI.h</DeclaredIn>
			
			<Declaration>- (void)groupMemberListWithGroupID:(NSString *)groupID parameters:(MendeleyGroupParameters *)queryParameters completionBlock:(MendeleyArrayCompletionBlock)completionBlock</Declaration>
			
			
			<Anchor>//api/name/groupMemberListWithGroupID:parameters:completionBlock:</Anchor>
            <NodeRef refid="15"/>
		</Token>
		
		<Token>
			<TokenIdentifier>//apple_ref/occ/instm/MendeleyGroupsAPI/groupListWithQueryParameters:completionBlock:</TokenIdentifier>
			<Abstract type="html">Obtain a list of groups where the logged in user is a member
If provided, it will include the square icon for the group</Abstract>
			<DeclaredIn>MendeleyGroupsAPI.h</DeclaredIn>
			
			<Declaration>- (void)groupListWithQueryParameters:(MendeleyGroupParameters *)queryParameters completionBlock:(MendeleyArrayCompletionBlock)completionBlock</Declaration>
			<Parameters>
				<Parameter>
					<Name>queryParameters</Name>
					<Abstract type="html">the parameters to be used in the API request</Abstract>
				</Parameter><Parameter>
					<Name>completionBlock</Name>
					<Abstract type="html">the list of groups if found</Abstract>
				</Parameter>
			</Parameters>
			
			<Anchor>//api/name/groupListWithQueryParameters:completionBlock:</Anchor>
            <NodeRef refid="15"/>
		</Token>
		
		<Token>
			<TokenIdentifier>//apple_ref/occ/instm/MendeleyGroupsAPI/groupListWithLinkedURL:completionBlock:</TokenIdentifier>
			<Abstract type="html">This method is only used when paging through a list of groups on the server.
All required parameters are provided in the linkURL, which should not be modified</Abstract>
			<DeclaredIn>MendeleyGroupsAPI.h</DeclaredIn>
			
			<Declaration>- (void)groupListWithLinkedURL:(NSURL *)linkURL completionBlock:(MendeleyArrayCompletionBlock)completionBlock</Declaration>
			<Parameters>
				<Parameter>
					<Name>linkURL</Name>
					<Abstract type="html">the full HTTP link to the document listings page</Abstract>
				</Parameter><Parameter>
					<Name>completionBlock</Name>
					<Abstract type="html">the list of groups if found</Abstract>
				</Parameter>
			</Parameters>
			
			<Anchor>//api/name/groupListWithLinkedURL:completionBlock:</Anchor>
            <NodeRef refid="15"/>
		</Token>
		
		<Token>
			<TokenIdentifier>//apple_ref/occ/instm/MendeleyGroupsAPI/groupWithGroupID:completionBlock:</TokenIdentifier>
			<Abstract type="html">Obtain details for the group identified by the given groupID</Abstract>
			<DeclaredIn>MendeleyGroupsAPI.h</DeclaredIn>
			
			<Declaration>- (void)groupWithGroupID:(NSString *)groupID completionBlock:(MendeleyObjectCompletionBlock)completionBlock</Declaration>
			<Parameters>
				<Parameter>
					<Name>groupID</Name>
					<Abstract type="html">the group UUID</Abstract>
				</Parameter><Parameter>
					<Name>completionBlock</Name>
					<Abstract type="html">the group</Abstract>
				</Parameter>
			</Parameters>
			
			<Anchor>//api/name/groupWithGroupID:completionBlock:</Anchor>
            <NodeRef refid="15"/>
		</Token>
		
		<Token>
			<TokenIdentifier>//apple_ref/occ/instm/MendeleyGroupsAPI/groupIconForGroup:iconType:completionBlock:</TokenIdentifier>
			<Abstract type="html">Obtains a group icon for a specified MendeleyGroup and icon type (maybe standard, square, original)
@param group
@param iconType</Abstract>
			<DeclaredIn>MendeleyGroupsAPI.h</DeclaredIn>
			
			<Declaration>- (void)groupIconForGroup:(MendeleyGroup *)group iconType:(MendeleyGroupIconType)iconType completionBlock:(MendeleyBinaryDataCompletionBlock)completionBlock</Declaration>
			<Parameters>
				<Parameter>
					<Name>completionBlock</Name>
					<Abstract type="html">returning the image data as NSData</Abstract>
				</Parameter>
			</Parameters>
			
			<Anchor>//api/name/groupIconForGroup:iconType:completionBlock:</Anchor>
            <NodeRef refid="15"/>
		</Token>
		
		<Token>
			<TokenIdentifier>//apple_ref/occ/instm/MendeleyGroupsAPI/groupIconForIconURLString:completionBlock:</TokenIdentifier>
			<Abstract type="html">Obtains a group icon based on the given link URL string
@param iconURLString</Abstract>
			<DeclaredIn>MendeleyGroupsAPI.h</DeclaredIn>
			
			<Declaration>- (void)groupIconForIconURLString:(NSString *)iconURLString completionBlock:(MendeleyBinaryDataCompletionBlock)completionBlock</Declaration>
			<Parameters>
				<Parameter>
					<Name>completionBlock</Name>
					<Abstract type="html">returning the image data as NSData</Abstract>
				</Parameter>
			</Parameters>
			
			<Anchor>//api/name/groupIconForIconURLString:completionBlock:</Anchor>
            <NodeRef refid="15"/>
		</Token>
		
        
        
	</File>
</Tokens>