<?xml version="1.0" encoding="UTF-8"?>
<Tokens version="1.0">
	<File path="Classes/MendeleyResponse.html">
		
		<Token>
			<TokenIdentifier>//apple_ref/occ/cl/MendeleyResponse</TokenIdentifier>
			<Abstract type="html"></Abstract>
			<DeclaredIn>MendeleyResponse.h</DeclaredIn>
            
			
			<NodeRef refid="47"/>
		</Token>
		
		
		<Token>
			<TokenIdentifier>//apple_ref/occ/clm/MendeleyResponse/mendeleyReponseForURLResponse:</TokenIdentifier>
			<Abstract type="html">   initialises a MendeleyResponse object
   @param urlResponse</Abstract>
			<DeclaredIn>MendeleyResponse.h</DeclaredIn>
			
			<Declaration>+ (MendeleyResponse *)mendeleyReponseForURLResponse:(NSURLResponse *)urlResponse</Declaration>
			
			<ReturnValue><Abstract type="html">MendeleyResponse object</Abstract></ReturnValue>
			<Anchor>//api/name/mendeleyReponseForURLResponse:</Anchor>
            <NodeRef refid="47"/>
		</Token>
		
		<Token>
			<TokenIdentifier>//apple_ref/occ/clm/MendeleyResponse/mendeleyReponseForURLResponse:fileURL:</TokenIdentifier>
			<Abstract type="html">   initialises a MendeleyResponse object with a file location (to be used for up/download)
   @param urlResponse
   @param fileURL</Abstract>
			<DeclaredIn>MendeleyResponse.h</DeclaredIn>
			
			<Declaration>+ (MendeleyResponse *)mendeleyReponseForURLResponse:(NSURLResponse *)urlResponse fileURL:(NSURL *)fileURL</Declaration>
			
			<ReturnValue><Abstract type="html">MendeleyResponse object</Abstract></ReturnValue>
			<Anchor>//api/name/mendeleyReponseForURLResponse:fileURL:</Anchor>
            <NodeRef refid="47"/>
		</Token>
		
		<Token>
			<TokenIdentifier>//apple_ref/occ/instm/MendeleyResponse/deserialiseRawResponseData:error:</TokenIdentifier>
			<Abstract type="html">   used for deserialising response data. This method is used for cases where
   the body content is of type JSON.
   Don&apos;t use for binary data
   @param rawResponseData
   @param error</Abstract>
			<DeclaredIn>MendeleyResponse.h</DeclaredIn>
			
			<Declaration>- (BOOL)deserialiseRawResponseData:(NSData *)rawResponseData error:(NSError **)error</Declaration>
			
			<ReturnValue><Abstract type="html">YES if successful (error is nil) or NO otherwise</Abstract></ReturnValue>
			<Anchor>//api/name/deserialiseRawResponseData:error:</Anchor>
            <NodeRef refid="47"/>
		</Token>
		
		<Token>
			<TokenIdentifier>//apple_ref/occ/instm/MendeleyResponse/parseFailureResponseFromFileDownloadURL:error:</TokenIdentifier>
			<Abstract type="html">   By default we use optimised download streaming to a file location. In case of an error, the
   JSON error response message would be streamed into the file location.
   We need to ensure, that
   a.) the error message returned from the server responds with gets passed into the error localizedDescription
   b.) the downloaded data - which contains the JSON error message - gets removed again</Abstract>
			<DeclaredIn>MendeleyResponse.h</DeclaredIn>
			
			<Declaration>- (BOOL)parseFailureResponseFromFileDownloadURL:(NSURL *)fileURL error:(NSError **)error</Declaration>
			<Parameters>
				<Parameter>
					<Name>fileURL</Name>
					<Abstract type="html">the location to which the data have been downloaded</Abstract>
				</Parameter><Parameter>
					<Name>the</Name>
					<Abstract type="html">error pointer returned from the server. If this is nil and the status code is NOT ok we will create and error here</Abstract>
				</Parameter>
			</Parameters>
			<ReturnValue><Abstract type="html">YES if successful (error is nil) or NO otherwise</Abstract></ReturnValue>
			<Anchor>//api/name/parseFailureResponseFromFileDownloadURL:error:</Anchor>
            <NodeRef refid="47"/>
		</Token>
		
        
        
	</File>
</Tokens>