<?xml version="1.0" encoding="UTF-8"?>
<Tokens version="1.0">
	<File path="Classes/MendeleyTask.html">
		
		<Token>
			<TokenIdentifier>//apple_ref/occ/cl/MendeleyTask</TokenIdentifier>
			<Abstract type="html"></Abstract>
			<DeclaredIn>MendeleyTask.h</DeclaredIn>
            
			
			<NodeRef refid="39"/>
		</Token>
		
		
		<Token>
			<TokenIdentifier>//apple_ref/occ/instm/MendeleyTask/initWithTaskID:</TokenIdentifier>
			<Abstract type="html">   @param taskID</Abstract>
			<DeclaredIn>MendeleyTask.h</DeclaredIn>
			
			<Declaration>- (instancetype)initWithTaskID:(NSNumber *)taskID</Declaration>
			
			<ReturnValue><Abstract type="html">an instance of type MendeleyCancellationRequest</Abstract></ReturnValue>
			<Anchor>//api/name/initWithTaskID:</Anchor>
            <NodeRef refid="39"/>
		</Token>
		
        
        
	</File>
</Tokens>