<?xml version="1.0" encoding="UTF-8"?>
<Tokens version="1.0">
	<File path="Classes/MendeleyDefaultNetworkProvider.html">
		
		<Token>
			<TokenIdentifier>//apple_ref/occ/cl/MendeleyDefaultNetworkProvider</TokenIdentifier>
			<Abstract type="html"></Abstract>
			<DeclaredIn>MendeleyDefaultNetworkProvider.h</DeclaredIn>
            
			
			<NodeRef refid="7"/>
		</Token>
		
		
		<Token>
			<TokenIdentifier>//apple_ref/occ/clm/MendeleyDefaultNetworkProvider/sharedInstance</TokenIdentifier>
			<Abstract type="html">   MendeleyDefaultNetworkProvider singleton</Abstract>
			<DeclaredIn>MendeleyDefaultNetworkProvider.h</DeclaredIn>
			
			<Declaration>+ (MendeleyDefaultNetworkProvider *)sharedInstance</Declaration>
			
			
			<Anchor>//api/name/sharedInstance</Anchor>
            <NodeRef refid="7"/>
		</Token>
		
        
        
	</File>
</Tokens>