<?xml version="1.0" encoding="UTF-8"?>
<Tokens version="1.0">
	<File path="Classes/MendeleyLoginWindowController.html">
		
		<Token>
			<TokenIdentifier>//apple_ref/occ/cl/MendeleyLoginWindowController</TokenIdentifier>
			<Abstract type="html"></Abstract>
			<DeclaredIn>MendeleyLoginWindowController.h</DeclaredIn>
            
			
			<NodeRef refid="23"/>
		</Token>
		
		
		<Token>
			<TokenIdentifier>//apple_ref/occ/instm/MendeleyLoginWindowController/initWithClientKey:clientSecret:redirectURI:completionBlock:</TokenIdentifier>
			<Abstract type="html">   initialises the login view controller with Client App details
   @param clientKey
   @param clientSecret
   @param redirectURI
   @param completionBlock</Abstract>
			<DeclaredIn>MendeleyLoginWindowController.h</DeclaredIn>
			
			<Declaration>- (instancetype)initWithClientKey:(NSString *)clientKey clientSecret:(NSString *)clientSecret redirectURI:(NSString *)redirectURI completionBlock:(MendeleyCompletionBlock)completionBlock</Declaration>
			
			
			<Anchor>//api/name/initWithClientKey:clientSecret:redirectURI:completionBlock:</Anchor>
            <NodeRef refid="23"/>
		</Token>
		
		<Token>
			<TokenIdentifier>//apple_ref/occ/instm/MendeleyLoginWindowController/initWithClientKey:clientSecret:redirectURI:completionBlock:customOAuthProvider:</TokenIdentifier>
			<Abstract type="html">   custom initialisers
   The completion block BOOL variable is set to YES if login has been successful
   NO otherwise
   @param clientKey
   @param clientSecret
   @param redirectURI
   @param completionBlock</Abstract>
			<DeclaredIn>MendeleyLoginWindowController.h</DeclaredIn>
			
			<Declaration>- (instancetype)initWithClientKey:(NSString *)clientKey clientSecret:(NSString *)clientSecret redirectURI:(NSString *)redirectURI completionBlock:(MendeleyCompletionBlock)completionBlock customOAuthProvider:(id&lt;MendeleyOAuthProvider&gt;)customOAuthProvider</Declaration>
			
			
			<Anchor>//api/name/initWithClientKey:clientSecret:redirectURI:completionBlock:customOAuthProvider:</Anchor>
            <NodeRef refid="23"/>
		</Token>
		
		<Token>
			<TokenIdentifier>//apple_ref/occ/instm/MendeleyLoginWindowController/cancel:</TokenIdentifier>
			<Abstract type="html">   Cancels the operation.</Abstract>
			<DeclaredIn>MendeleyLoginWindowController.h</DeclaredIn>
			
			<Declaration>- (IBAction)cancel:(id)sender</Declaration>
			<Parameters>
				<Parameter>
					<Name>sender</Name>
					<Abstract type="html">The event sender; can be nil.</Abstract>
				</Parameter>
			</Parameters>
			
			<Anchor>//api/name/cancel:</Anchor>
            <NodeRef refid="23"/>
		</Token>
		
        
        
	</File>
</Tokens>