<?xml version="1.0" encoding="UTF-8"?>
<Tokens version="1.0">
	<File path="Classes/MendeleyNetworkUploadTask.html">
		
		<Token>
			<TokenIdentifier>//apple_ref/occ/cl/MendeleyNetworkUploadTask</TokenIdentifier>
			<Abstract type="html"></Abstract>
			<DeclaredIn>MendeleyNetworkTask.h</DeclaredIn>
            
			
			<NodeRef refid="31"/>
		</Token>
		
		
		<Token>
			<TokenIdentifier>//apple_ref/occ/instm/MendeleyNetworkUploadTask/initUploadTaskWithRequest:session:fileURL:progressBlock:completionBlock:</TokenIdentifier>
			<Abstract type="html">   @param request
   @param session</Abstract>
			<DeclaredIn>MendeleyNetworkTask.h</DeclaredIn>
			
			<Declaration>- (instancetype)initUploadTaskWithRequest:(NSURLRequest *)request session:(NSURLSession *)session fileURL:(NSURL *)fileURL progressBlock:(MendeleyResponseProgressBlock)progressBlock completionBlock:(MendeleyResponseCompletionBlock)completionBlock</Declaration>
			<Parameters>
				<Parameter>
					<Name>fileURL</Name>
					<Abstract type="html">- location of file to be uploaded
   @param progressBlock
   @param completionBlock</Abstract>
				</Parameter>
			</Parameters>
			
			<Anchor>//api/name/initUploadTaskWithRequest:session:fileURL:progressBlock:completionBlock:</Anchor>
            <NodeRef refid="31"/>
		</Token>
		
        
        
	</File>
</Tokens>