<?xml version="1.0" encoding="UTF-8"?>
<Tokens version="1.0">
	<File path="Classes/MendeleyAnnotationsAPI.html">
		
		<Token>
			<TokenIdentifier>//apple_ref/occ/cl/MendeleyAnnotationsAPI</TokenIdentifier>
			<Abstract type="html"></Abstract>
			<DeclaredIn>MendeleyAnnotationsAPI.h</DeclaredIn>
            
			
			<NodeRef refid="3"/>
		</Token>
		
		
		<Token>
			<TokenIdentifier>//apple_ref/occ/instm/MendeleyAnnotationsAPI/annotationWithAnnotationID:task:completionBlock:</TokenIdentifier>
			<Abstract type="html">   @param annotationID
   @param task
   @param completionBlock</Abstract>
			<DeclaredIn>MendeleyAnnotationsAPI.h</DeclaredIn>
			
			<Declaration>- (void)annotationWithAnnotationID:(NSString *)annotationID task:(MendeleyTask *)task completionBlock:(MendeleyObjectCompletionBlock)completionBlock</Declaration>
			
			
			<Anchor>//api/name/annotationWithAnnotationID:task:completionBlock:</Anchor>
            <NodeRef refid="3"/>
		</Token>
		
		<Token>
			<TokenIdentifier>//apple_ref/occ/instm/MendeleyAnnotationsAPI/deleteAnnotationWithID:task:completionBlock:</TokenIdentifier>
			<Abstract type="html">   @param annotationID
   @param task
   @param completionBlock</Abstract>
			<DeclaredIn>MendeleyAnnotationsAPI.h</DeclaredIn>
			
			<Declaration>- (void)deleteAnnotationWithID:(NSString *)annotationID task:(MendeleyTask *)task completionBlock:(MendeleyCompletionBlock)completionBlock</Declaration>
			
			
			<Anchor>//api/name/deleteAnnotationWithID:task:completionBlock:</Anchor>
            <NodeRef refid="3"/>
		</Token>
		
		<Token>
			<TokenIdentifier>//apple_ref/occ/instm/MendeleyAnnotationsAPI/updateAnnotation:task:completionBlock:</TokenIdentifier>
			<Abstract type="html">   @param updatedMendeleyAnnotation
   @param task
   @param completionBlock</Abstract>
			<DeclaredIn>MendeleyAnnotationsAPI.h</DeclaredIn>
			
			<Declaration>- (void)updateAnnotation:(MendeleyAnnotation *)updatedMendeleyAnnotation task:(MendeleyTask *)task completionBlock:(MendeleyObjectCompletionBlock)completionBlock</Declaration>
			
			
			<Anchor>//api/name/updateAnnotation:task:completionBlock:</Anchor>
            <NodeRef refid="3"/>
		</Token>
		
		<Token>
			<TokenIdentifier>//apple_ref/occ/instm/MendeleyAnnotationsAPI/createAnnotation:task:completionBlock:</TokenIdentifier>
			<Abstract type="html">   @param mendeleyAnnotation
   @param task
   @param completionBlock</Abstract>
			<DeclaredIn>MendeleyAnnotationsAPI.h</DeclaredIn>
			
			<Declaration>- (void)createAnnotation:(MendeleyAnnotation *)mendeleyAnnotation task:(MendeleyTask *)task completionBlock:(MendeleyObjectCompletionBlock)completionBlock</Declaration>
			
			
			<Anchor>//api/name/createAnnotation:task:completionBlock:</Anchor>
            <NodeRef refid="3"/>
		</Token>
		
		<Token>
			<TokenIdentifier>//apple_ref/occ/instm/MendeleyAnnotationsAPI/annotationListWithLinkedURL:task:completionBlock:</TokenIdentifier>
			<Abstract type="html">   @param linkURL
   @param task
   @param completionBlock</Abstract>
			<DeclaredIn>MendeleyAnnotationsAPI.h</DeclaredIn>
			
			<Declaration>- (void)annotationListWithLinkedURL:(NSURL *)linkURL task:(MendeleyTask *)task completionBlock:(MendeleyArrayCompletionBlock)completionBlock</Declaration>
			
			
			<Anchor>//api/name/annotationListWithLinkedURL:task:completionBlock:</Anchor>
            <NodeRef refid="3"/>
		</Token>
		
		<Token>
			<TokenIdentifier>//apple_ref/occ/instm/MendeleyAnnotationsAPI/annotationListWithQueryParameters:task:completionBlock:</TokenIdentifier>
			<Abstract type="html">   @param queryParameters
   @param task
   @param completionBlock</Abstract>
			<DeclaredIn>MendeleyAnnotationsAPI.h</DeclaredIn>
			
			<Declaration>- (void)annotationListWithQueryParameters:(MendeleyAnnotationParameters *)queryParameters task:(MendeleyTask *)task completionBlock:(MendeleyArrayCompletionBlock)completionBlock</Declaration>
			
			
			<Anchor>//api/name/annotationListWithQueryParameters:task:completionBlock:</Anchor>
            <NodeRef refid="3"/>
		</Token>
		
		<Token>
			<TokenIdentifier>//apple_ref/occ/instm/MendeleyAnnotationsAPI/deletedAnnotationsSince:groupID:task:completionBlock:</TokenIdentifier>
			<Abstract type="html">   This method returns a list of annotations IDs that were permanently deleted. The list of deleted IDs will be kept on
   the server for a limited period of time.</Abstract>
			<DeclaredIn>MendeleyAnnotationsAPI.h</DeclaredIn>
			
			<Declaration>- (void)deletedAnnotationsSince:(NSDate *)deletedSince groupID:(NSString *)groupID task:(MendeleyTask *)task completionBlock:(MendeleyArrayCompletionBlock)completionBlock</Declaration>
			<Parameters>
				<Parameter>
					<Name>deletedSince</Name>
					<Abstract type="html">the parameter set to be used in the request
   @param task
   @param completionBlock</Abstract>
				</Parameter>
			</Parameters>
			
			<Anchor>//api/name/deletedAnnotationsSince:groupID:task:completionBlock:</Anchor>
            <NodeRef refid="3"/>
		</Token>
		
        
        
	</File>
</Tokens>