<?xml version="1.0" encoding="UTF-8"?>
<Tokens version="1.0">
	<File path="Classes/MendeleyOAuthTokenHelper.html">
		
		<Token>
			<TokenIdentifier>//apple_ref/occ/cl/MendeleyOAuthTokenHelper</TokenIdentifier>
			<Abstract type="html"></Abstract>
			<DeclaredIn>MendeleyOAuthTokenHelper.h</DeclaredIn>
            
			
			<NodeRef refid="35"/>
		</Token>
		
		
		<Token>
			<TokenIdentifier>//apple_ref/occ/clm/MendeleyOAuthTokenHelper/refreshTokenWithRefreshBlock:</TokenIdentifier>
			<Abstract type="html">   refreshes and stores the access tokens
   @param refreshBlock</Abstract>
			<DeclaredIn>MendeleyOAuthTokenHelper.h</DeclaredIn>
			
			<Declaration>+ (void)refreshTokenWithRefreshBlock:(MendeleyCompletionBlock)refreshBlock</Declaration>
			
			
			<Anchor>//api/name/refreshTokenWithRefreshBlock:</Anchor>
            <NodeRef refid="35"/>
		</Token>
		
        
        
	</File>
</Tokens>