<?xml version="1.0" encoding="UTF-8"?>
<Tokens version="1.0">
	<File path="Classes/MendeleyObjectAPI.html">
		
		<Token>
			<TokenIdentifier>//apple_ref/occ/cl/MendeleyObjectAPI</TokenIdentifier>
			<Abstract type="html"></Abstract>
			<DeclaredIn>MendeleyObjectAPI.h</DeclaredIn>
            
			
			<NodeRef refid="36"/>
		</Token>
		
		
		<Token>
			<TokenIdentifier>//apple_ref/occ/instm/MendeleyObjectAPI/initWithNetworkProvider:baseURL:</TokenIdentifier>
			<Abstract type="html">   A general creator of MendeleyObjectAPI</Abstract>
			<DeclaredIn>MendeleyObjectAPI.h</DeclaredIn>
			
			<Declaration>- (instancetype)initWithNetworkProvider:(id&lt;MendeleyNetworkProvider&gt;)provider baseURL:(NSURL *)baseURL</Declaration>
			<Parameters>
				<Parameter>
					<Name>provider</Name>
					<Abstract type="html">the network provider. By default the MendeleyDefaultNetworkProvider is taken. This is based on NSURLSession
   @param baseURL</Abstract>
				</Parameter>
			</Parameters>
			
			<Anchor>//api/name/initWithNetworkProvider:baseURL:</Anchor>
            <NodeRef refid="36"/>
		</Token>
		
		<Token>
			<TokenIdentifier>//apple_ref/occ/instm/MendeleyObjectAPI/linkFromPhoto:iconType:task:error:</TokenIdentifier>
			<Abstract type="html">   A convenience method that returns the link for the image of the choosen type passing a MendeleyPhoto Object</Abstract>
			<DeclaredIn>MendeleyObjectAPI.h</DeclaredIn>
			
			<Declaration>- (NSString *)linkFromPhoto:(MendeleyPhoto *)photo iconType:(MendeleyIconType)iconType task:(MendeleyTask *)task error:(NSError **)error</Declaration>
			<Parameters>
				<Parameter>
					<Name>the</Name>
					<Abstract type="html">photo object
   @param iconType
   @param task
   @param error</Abstract>
				</Parameter>
			</Parameters>
			
			<Anchor>//api/name/linkFromPhoto:iconType:task:error:</Anchor>
            <NodeRef refid="36"/>
		</Token>
		
		<Token>
			<TokenIdentifier>//apple_ref/occ/instm/MendeleyObjectAPI/requestHeaderForImageLink:</TokenIdentifier>
			<Abstract type="html">   A convenience method that returns the request header for a image download link</Abstract>
			<DeclaredIn>MendeleyObjectAPI.h</DeclaredIn>
			
			<Declaration>- (NSDictionary *)requestHeaderForImageLink:(NSString *)link</Declaration>
			
			
			<Anchor>//api/name/requestHeaderForImageLink:</Anchor>
            <NodeRef refid="36"/>
		</Token>
		
        
        
	</File>
</Tokens>