<?xml version="1.0" encoding="UTF-8"?>
<Tokens version="1.0">
	<File path="Constants/MendeleyPerformanceMeterConfiguration.html">
		
		<Token>
			<TokenIdentifier>//apple_ref/c/tdef/MendeleyPerformanceMeterConfiguration</TokenIdentifier>
			<Abstract type="html"></Abstract>
			<DeclaredIn>MendeleyPerformanceMeter.h</DeclaredIn>
            
			
			<NodeRef refid="54"/>
		</Token>
		
		
        
        <Token>
            <TokenIdentifier>//apple_ref/c/econst/kMendeleyPerformanceMeterConfigurationDeactivated</TokenIdentifier>
            <Abstract type="html"></Abstract>
            <Declaration>kMendeleyPerformanceMeterConfigurationDeactivated</Declaration>
            
            <DeclaredIn>MendeleyPerformanceMeter.h</DeclaredIn>
            
            <NodeRef refid="54"/>
        </Token>
        
        <Token>
            <TokenIdentifier>//apple_ref/c/econst/kMendeleyPerformanceMeterConfigurationConsoleOnly</TokenIdentifier>
            <Abstract type="html"></Abstract>
            <Declaration>kMendeleyPerformanceMeterConfigurationConsoleOnly</Declaration>
            
            <DeclaredIn>MendeleyPerformanceMeter.h</DeclaredIn>
            
            <NodeRef refid="54"/>
        </Token>
        
        <Token>
            <TokenIdentifier>//apple_ref/c/econst/kMendeleyPerformanceMeterConfigurationConsoleAndDiskReport</TokenIdentifier>
            <Abstract type="html"></Abstract>
            <Declaration>kMendeleyPerformanceMeterConfigurationConsoleAndDiskReport</Declaration>
            
            <DeclaredIn>MendeleyPerformanceMeter.h</DeclaredIn>
            
            <NodeRef refid="54"/>
        </Token>
        
        
	</File>
</Tokens>