<?xml version="1.0" encoding="UTF-8"?>
<Tokens version="1.0">
	<File path="Classes/MendeleyProfilesAPI.html">
		
		<Token>
			<TokenIdentifier>//apple_ref/occ/cl/MendeleyProfilesAPI</TokenIdentifier>
			<Abstract type="html"></Abstract>
			<DeclaredIn>MendeleyProfilesAPI.h</DeclaredIn>
            
			
			<NodeRef refid="32"/>
		</Token>
		
		
		<Token>
			<TokenIdentifier>//apple_ref/occ/instm/MendeleyProfilesAPI/pullMyProfile:</TokenIdentifier>
			<Abstract type="html">   Pulls the users profile
   @param completionBlock</Abstract>
			<DeclaredIn>MendeleyProfilesAPI.h</DeclaredIn>
			
			<Declaration>- (void)pullMyProfile:(MendeleyObjectCompletionBlock)completionBlock</Declaration>
			
			
			<Anchor>//api/name/pullMyProfile:</Anchor>
            <NodeRef refid="32"/>
		</Token>
		
		<Token>
			<TokenIdentifier>//apple_ref/occ/instm/MendeleyProfilesAPI/pullProfile:completionBlock:</TokenIdentifier>
			<Abstract type="html">   Pulls the profile of a user with a given ID
   @param profileID
   @param completionBlock</Abstract>
			<DeclaredIn>MendeleyProfilesAPI.h</DeclaredIn>
			
			<Declaration>- (void)pullProfile:(NSString *)profileID completionBlock:(MendeleyObjectCompletionBlock)completionBlock</Declaration>
			
			
			<Anchor>//api/name/pullProfile:completionBlock:</Anchor>
            <NodeRef refid="32"/>
		</Token>
		
        
        
	</File>
</Tokens>