<?xml version="1.0" encoding="UTF-8"?>
<Tokens version="1.0">
	<File path="Constants/MendeleyErrorCode.html">
		
		<Token>
			<TokenIdentifier>//apple_ref/c/tdef/MendeleyErrorCode</TokenIdentifier>
			<Abstract type="html">   Error codes
   - 100 region JSON
   - 200 region Model
   - 300 region unexpected data types
   - 1000 region authentication and networking
   - 1900s General</Abstract>
			<DeclaredIn>MendeleyError.h</DeclaredIn>
            
			
			<NodeRef refid="63"/>
		</Token>
		
		
        
        <Token>
            <TokenIdentifier>//apple_ref/c/econst/kMendeleyJSONTypeUnrecognisedErrorCode</TokenIdentifier>
            <Abstract type="html"></Abstract>
            <Declaration>kMendeleyJSONTypeUnrecognisedErrorCode</Declaration>
            
            <DeclaredIn>MendeleyError.h</DeclaredIn>
            
            <NodeRef refid="63"/>
        </Token>
        
        <Token>
            <TokenIdentifier>//apple_ref/c/econst/kMendeleyJSONTypeNotMappedToModelErrorCode</TokenIdentifier>
            <Abstract type="html"></Abstract>
            <Declaration>kMendeleyJSONTypeNotMappedToModelErrorCode</Declaration>
            
            <DeclaredIn>MendeleyError.h</DeclaredIn>
            
            <NodeRef refid="63"/>
        </Token>
        
        <Token>
            <TokenIdentifier>//apple_ref/c/econst/kMendeleyJSONTypeObjectNilErrorCode</TokenIdentifier>
            <Abstract type="html"></Abstract>
            <Declaration>kMendeleyJSONTypeObjectNilErrorCode</Declaration>
            
            <DeclaredIn>MendeleyError.h</DeclaredIn>
            
            <NodeRef refid="63"/>
        </Token>
        
        <Token>
            <TokenIdentifier>//apple_ref/c/econst/kMendeleyUnrecognisedModelErrorCode</TokenIdentifier>
            <Abstract type="html"></Abstract>
            <Declaration>kMendeleyUnrecognisedModelErrorCode</Declaration>
            
            <DeclaredIn>MendeleyError.h</DeclaredIn>
            
            <NodeRef refid="63"/>
        </Token>
        
        <Token>
            <TokenIdentifier>//apple_ref/c/econst/kMendeleyModelOrPropertyNilErrorCode</TokenIdentifier>
            <Abstract type="html"></Abstract>
            <Declaration>kMendeleyModelOrPropertyNilErrorCode</Declaration>
            
            <DeclaredIn>MendeleyError.h</DeclaredIn>
            
            <NodeRef refid="63"/>
        </Token>
        
        <Token>
            <TokenIdentifier>//apple_ref/c/econst/kMendeleyUnexpectedMimeTypeErrorCode</TokenIdentifier>
            <Abstract type="html"></Abstract>
            <Declaration>kMendeleyUnexpectedMimeTypeErrorCode</Declaration>
            
            <DeclaredIn>MendeleyError.h</DeclaredIn>
            
            <NodeRef refid="63"/>
        </Token>
        
        <Token>
            <TokenIdentifier>//apple_ref/c/econst/kMendeleyUnknownDataTypeErrorCode</TokenIdentifier>
            <Abstract type="html"></Abstract>
            <Declaration>kMendeleyUnknownDataTypeErrorCode</Declaration>
            
            <DeclaredIn>MendeleyError.h</DeclaredIn>
            
            <NodeRef refid="63"/>
        </Token>
        
        <Token>
            <TokenIdentifier>//apple_ref/c/econst/kMendeleyPagingNotProvidedForThisType</TokenIdentifier>
            <Abstract type="html"></Abstract>
            <Declaration>kMendeleyPagingNotProvidedForThisType</Declaration>
            
            <DeclaredIn>MendeleyError.h</DeclaredIn>
            
            <NodeRef refid="63"/>
        </Token>
        
        <Token>
            <TokenIdentifier>//apple_ref/c/econst/kMendeleyNetworkGenericError</TokenIdentifier>
            <Abstract type="html"></Abstract>
            <Declaration>kMendeleyNetworkGenericError</Declaration>
            
            <DeclaredIn>MendeleyError.h</DeclaredIn>
            
            <NodeRef refid="63"/>
        </Token>
        
        <Token>
            <TokenIdentifier>//apple_ref/c/econst/kMendeleyUnauthorizedErrorCode</TokenIdentifier>
            <Abstract type="html"></Abstract>
            <Declaration>kMendeleyUnauthorizedErrorCode</Declaration>
            
            <DeclaredIn>MendeleyError.h</DeclaredIn>
            
            <NodeRef refid="63"/>
        </Token>
        
        <Token>
            <TokenIdentifier>//apple_ref/c/econst/kMendeleyInvalidAccessTokenErrorCode</TokenIdentifier>
            <Abstract type="html"></Abstract>
            <Declaration>kMendeleyInvalidAccessTokenErrorCode</Declaration>
            
            <DeclaredIn>MendeleyError.h</DeclaredIn>
            
            <NodeRef refid="63"/>
        </Token>
        
        <Token>
            <TokenIdentifier>//apple_ref/c/econst/kMendeleyCancelledRequestErrorCode</TokenIdentifier>
            <Abstract type="html"></Abstract>
            <Declaration>kMendeleyCancelledRequestErrorCode</Declaration>
            
            <DeclaredIn>MendeleyError.h</DeclaredIn>
            
            <NodeRef refid="63"/>
        </Token>
        
        <Token>
            <TokenIdentifier>//apple_ref/c/econst/kMendeleyNetworkUnreachable</TokenIdentifier>
            <Abstract type="html"></Abstract>
            <Declaration>kMendeleyNetworkUnreachable</Declaration>
            
            <DeclaredIn>MendeleyError.h</DeclaredIn>
            
            <NodeRef refid="63"/>
        </Token>
        
        <Token>
            <TokenIdentifier>//apple_ref/c/econst/kMendeleyFileNotAvailableForTransfer</TokenIdentifier>
            <Abstract type="html"></Abstract>
            <Declaration>kMendeleyFileNotAvailableForTransfer</Declaration>
            
            <DeclaredIn>MendeleyError.h</DeclaredIn>
            
            <NodeRef refid="63"/>
        </Token>
        
        <Token>
            <TokenIdentifier>//apple_ref/c/econst/kMendeleyConnectionCannotBeStarted</TokenIdentifier>
            <Abstract type="html"></Abstract>
            <Declaration>kMendeleyConnectionCannotBeStarted</Declaration>
            
            <DeclaredIn>MendeleyError.h</DeclaredIn>
            
            <NodeRef refid="63"/>
        </Token>
        
        <Token>
            <TokenIdentifier>//apple_ref/c/econst/kMendeleyConnectionFinishedWithError</TokenIdentifier>
            <Abstract type="html"></Abstract>
            <Declaration>kMendeleyConnectionFinishedWithError</Declaration>
            
            <DeclaredIn>MendeleyError.h</DeclaredIn>
            
            <NodeRef refid="63"/>
        </Token>
        
        <Token>
            <TokenIdentifier>//apple_ref/c/econst/kMendeleyDataNotAvailableErrorCode</TokenIdentifier>
            <Abstract type="html"></Abstract>
            <Declaration>kMendeleyDataNotAvailableErrorCode</Declaration>
            
            <DeclaredIn>MendeleyError.h</DeclaredIn>
            
            <NodeRef refid="63"/>
        </Token>
        
        <Token>
            <TokenIdentifier>//apple_ref/c/econst/kMendeleyMissingDataProvidedErrorCode</TokenIdentifier>
            <Abstract type="html"></Abstract>
            <Declaration>kMendeleyMissingDataProvidedErrorCode</Declaration>
            
            <DeclaredIn>MendeleyError.h</DeclaredIn>
            
            <NodeRef refid="63"/>
        </Token>
        
        <Token>
            <TokenIdentifier>//apple_ref/c/econst/kMendeleyResponseTypeUnknownErrorCode</TokenIdentifier>
            <Abstract type="html"></Abstract>
            <Declaration>kMendeleyResponseTypeUnknownErrorCode</Declaration>
            
            <DeclaredIn>MendeleyError.h</DeclaredIn>
            
            <NodeRef refid="63"/>
        </Token>
        
        <Token>
            <TokenIdentifier>//apple_ref/c/econst/kMendeleyPathNotFoundErrorCode</TokenIdentifier>
            <Abstract type="html"></Abstract>
            <Declaration>kMendeleyPathNotFoundErrorCode</Declaration>
            
            <DeclaredIn>MendeleyError.h</DeclaredIn>
            
            <NodeRef refid="63"/>
        </Token>
        
        
	</File>
</Tokens>