<?xml version="1.0" encoding="UTF-8"?>
<Tokens version="1.0">
	<File path="Classes/MendeleyUploadHelper.html">
		
		<Token>
			<TokenIdentifier>//apple_ref/occ/cl/MendeleyUploadHelper</TokenIdentifier>
			<Abstract type="html"></Abstract>
			<DeclaredIn>MendeleyUploadHelper.h</DeclaredIn>
            
			
			<NodeRef refid="50"/>
		</Token>
		
		
		<Token>
			<TokenIdentifier>//apple_ref/occ/instm/MendeleyUploadHelper/URLSession:task:didSendBodyData:totalBytesSent:totalBytesExpectedToSend:</TokenIdentifier>
			<Abstract type="html">   @param session
   @param uploadTask
   @param bytesSent
   @param totalBytesSent
   @param totalBytesExpectedToSend</Abstract>
			<DeclaredIn>MendeleyUploadHelper.h</DeclaredIn>
			
			<Declaration>- (void)URLSession:(NSURLSession *)session task:(MendeleyNetworkUploadTask *)uploadTask didSendBodyData:(int64_t)bytesSent totalBytesSent:(int64_t)totalBytesSent totalBytesExpectedToSend:(int64_t)totalBytesExpectedToSend</Declaration>
			
			
			<Anchor>//api/name/URLSession:task:didSendBodyData:totalBytesSent:totalBytesExpectedToSend:</Anchor>
            <NodeRef refid="50"/>
		</Token>
		
        
        
	</File>
</Tokens>