<?xml version="1.0" encoding="UTF-8"?>
<Tokens version="1.0">
	<File path="Classes/MendeleyDocument.html">
		
		<Token>
			<TokenIdentifier>//apple_ref/occ/cl/MendeleyDocument</TokenIdentifier>
			<Abstract type="html"></Abstract>
			<DeclaredIn>MendeleyDocument.h</DeclaredIn>
            
			
			<NodeRef refid="9"/>
		</Token>
		
		
		<Token>
			<TokenIdentifier>//apple_ref/occ/instm/MendeleyDocument/setMonth:</TokenIdentifier>
			<Abstract type="html">   NSNumber types (integer)</Abstract>
			<DeclaredIn>MendeleyDocument.h</DeclaredIn>
			
			<Declaration>@property (nonatomic, strong) NSNumber *month</Declaration>
			
			
			<Anchor>//api/name/month</Anchor>
            <NodeRef refid="9"/>
		</Token>
		
		<Token>
			<TokenIdentifier>//apple_ref/occ/instm/MendeleyDocument/month</TokenIdentifier>
			<Abstract type="html">   NSNumber types (integer)</Abstract>
			<DeclaredIn>MendeleyDocument.h</DeclaredIn>
			
			<Declaration>@property (nonatomic, strong) NSNumber *month</Declaration>
			
			
			<Anchor>//api/name/month</Anchor>
            <NodeRef refid="9"/>
		</Token>
		
		<Token>
			<TokenIdentifier>//apple_ref/occ/instp/MendeleyDocument/month</TokenIdentifier>
			<Abstract type="html">   NSNumber types (integer)</Abstract>
			<DeclaredIn>MendeleyDocument.h</DeclaredIn>
			
			<Declaration>@property (nonatomic, strong) NSNumber *month</Declaration>
			
			
			<Anchor>//api/name/month</Anchor>
            <NodeRef refid="9"/>
		</Token>
		
		<Token>
			<TokenIdentifier>//apple_ref/occ/instm/MendeleyDocument/setFile_attached:</TokenIdentifier>
			<Abstract type="html">   NSNumber types (boolean)</Abstract>
			<DeclaredIn>MendeleyDocument.h</DeclaredIn>
			
			<Declaration>@property (nonatomic, strong) NSNumber *file_attached</Declaration>
			
			
			<Anchor>//api/name/file_attached</Anchor>
            <NodeRef refid="9"/>
		</Token>
		
		<Token>
			<TokenIdentifier>//apple_ref/occ/instm/MendeleyDocument/file_attached</TokenIdentifier>
			<Abstract type="html">   NSNumber types (boolean)</Abstract>
			<DeclaredIn>MendeleyDocument.h</DeclaredIn>
			
			<Declaration>@property (nonatomic, strong) NSNumber *file_attached</Declaration>
			
			
			<Anchor>//api/name/file_attached</Anchor>
            <NodeRef refid="9"/>
		</Token>
		
		<Token>
			<TokenIdentifier>//apple_ref/occ/instp/MendeleyDocument/file_attached</TokenIdentifier>
			<Abstract type="html">   NSNumber types (boolean)</Abstract>
			<DeclaredIn>MendeleyDocument.h</DeclaredIn>
			
			<Declaration>@property (nonatomic, strong) NSNumber *file_attached</Declaration>
			
			
			<Anchor>//api/name/file_attached</Anchor>
            <NodeRef refid="9"/>
		</Token>
		
		<Token>
			<TokenIdentifier>//apple_ref/occ/instm/MendeleyDocument/setAuthors:</TokenIdentifier>
			<Abstract type="html">   NSArray types</Abstract>
			<DeclaredIn>MendeleyDocument.h</DeclaredIn>
			
			<Declaration>@property (nonatomic, strong) NSArray *authors</Declaration>
			
			
			<Anchor>//api/name/authors</Anchor>
            <NodeRef refid="9"/>
		</Token>
		
		<Token>
			<TokenIdentifier>//apple_ref/occ/instm/MendeleyDocument/authors</TokenIdentifier>
			<Abstract type="html">   NSArray types</Abstract>
			<DeclaredIn>MendeleyDocument.h</DeclaredIn>
			
			<Declaration>@property (nonatomic, strong) NSArray *authors</Declaration>
			
			
			<Anchor>//api/name/authors</Anchor>
            <NodeRef refid="9"/>
		</Token>
		
		<Token>
			<TokenIdentifier>//apple_ref/occ/instp/MendeleyDocument/authors</TokenIdentifier>
			<Abstract type="html">   NSArray types</Abstract>
			<DeclaredIn>MendeleyDocument.h</DeclaredIn>
			
			<Declaration>@property (nonatomic, strong) NSArray *authors</Declaration>
			
			
			<Anchor>//api/name/authors</Anchor>
            <NodeRef refid="9"/>
		</Token>
		
		<Token>
			<TokenIdentifier>//apple_ref/occ/instm/MendeleyDocument/setIdentifiers:</TokenIdentifier>
			<Abstract type="html">   NSDictionary type (Identifiers, e.g. arxiv)</Abstract>
			<DeclaredIn>MendeleyDocument.h</DeclaredIn>
			
			<Declaration>@property (nonatomic, strong) NSDictionary *identifiers</Declaration>
			
			
			<Anchor>//api/name/identifiers</Anchor>
            <NodeRef refid="9"/>
		</Token>
		
		<Token>
			<TokenIdentifier>//apple_ref/occ/instm/MendeleyDocument/identifiers</TokenIdentifier>
			<Abstract type="html">   NSDictionary type (Identifiers, e.g. arxiv)</Abstract>
			<DeclaredIn>MendeleyDocument.h</DeclaredIn>
			
			<Declaration>@property (nonatomic, strong) NSDictionary *identifiers</Declaration>
			
			
			<Anchor>//api/name/identifiers</Anchor>
            <NodeRef refid="9"/>
		</Token>
		
		<Token>
			<TokenIdentifier>//apple_ref/occ/instp/MendeleyDocument/identifiers</TokenIdentifier>
			<Abstract type="html">   NSDictionary type (Identifiers, e.g. arxiv)</Abstract>
			<DeclaredIn>MendeleyDocument.h</DeclaredIn>
			
			<Declaration>@property (nonatomic, strong) NSDictionary *identifiers</Declaration>
			
			
			<Anchor>//api/name/identifiers</Anchor>
            <NodeRef refid="9"/>
		</Token>
		
		<Token>
			<TokenIdentifier>//apple_ref/occ/instm/MendeleyDocument/setLast_modified:</TokenIdentifier>
			<Abstract type="html">   NSDate types (stringDate)</Abstract>
			<DeclaredIn>MendeleyDocument.h</DeclaredIn>
			
			<Declaration>@property (nonatomic, strong) NSDate *last_modified</Declaration>
			
			
			<Anchor>//api/name/last_modified</Anchor>
            <NodeRef refid="9"/>
		</Token>
		
		<Token>
			<TokenIdentifier>//apple_ref/occ/instm/MendeleyDocument/last_modified</TokenIdentifier>
			<Abstract type="html">   NSDate types (stringDate)</Abstract>
			<DeclaredIn>MendeleyDocument.h</DeclaredIn>
			
			<Declaration>@property (nonatomic, strong) NSDate *last_modified</Declaration>
			
			
			<Anchor>//api/name/last_modified</Anchor>
            <NodeRef refid="9"/>
		</Token>
		
		<Token>
			<TokenIdentifier>//apple_ref/occ/instp/MendeleyDocument/last_modified</TokenIdentifier>
			<Abstract type="html">   NSDate types (stringDate)</Abstract>
			<DeclaredIn>MendeleyDocument.h</DeclaredIn>
			
			<Declaration>@property (nonatomic, strong) NSDate *last_modified</Declaration>
			
			
			<Anchor>//api/name/last_modified</Anchor>
            <NodeRef refid="9"/>
		</Token>
		
		<Token>
			<TokenIdentifier>//apple_ref/occ/instm/MendeleyDocument/setType:</TokenIdentifier>
			<Abstract type="html">   NSString types (string)</Abstract>
			<DeclaredIn>MendeleyDocument.h</DeclaredIn>
			
			<Declaration>@property (nonatomic, strong) NSString *type</Declaration>
			
			
			<Anchor>//api/name/type</Anchor>
            <NodeRef refid="9"/>
		</Token>
		
		<Token>
			<TokenIdentifier>//apple_ref/occ/instm/MendeleyDocument/type</TokenIdentifier>
			<Abstract type="html">   NSString types (string)</Abstract>
			<DeclaredIn>MendeleyDocument.h</DeclaredIn>
			
			<Declaration>@property (nonatomic, strong) NSString *type</Declaration>
			
			
			<Anchor>//api/name/type</Anchor>
            <NodeRef refid="9"/>
		</Token>
		
		<Token>
			<TokenIdentifier>//apple_ref/occ/instp/MendeleyDocument/type</TokenIdentifier>
			<Abstract type="html">   NSString types (string)</Abstract>
			<DeclaredIn>MendeleyDocument.h</DeclaredIn>
			
			<Declaration>@property (nonatomic, strong) NSString *type</Declaration>
			
			
			<Anchor>//api/name/type</Anchor>
            <NodeRef refid="9"/>
		</Token>
		
        
        
	</File>
</Tokens>