<?xml version="1.0" encoding="UTF-8"?>
<Tokens version="1.0">
	<File path="Classes/MendeleySimpleNetworkProvider.html">
		
		<Token>
			<TokenIdentifier>//apple_ref/occ/cl/MendeleySimpleNetworkProvider</TokenIdentifier>
			<Abstract type="html"></Abstract>
			<DeclaredIn>MendeleySimpleNetworkProvider.h</DeclaredIn>
            
			
			<NodeRef refid="48"/>
		</Token>
		
		
		<Token>
			<TokenIdentifier>//apple_ref/occ/clm/MendeleySimpleNetworkProvider/sharedInstance</TokenIdentifier>
			<Abstract type="html">   A singleton for the simple network provider</Abstract>
			<DeclaredIn>MendeleySimpleNetworkProvider.h</DeclaredIn>
			
			<Declaration>+ (MendeleySimpleNetworkProvider *)sharedInstance</Declaration>
			
			
			<Anchor>//api/name/sharedInstance</Anchor>
            <NodeRef refid="48"/>
		</Token>
		
        
        
	</File>
</Tokens>