<?xml version="1.0" encoding="UTF-8"?>
<Tokens version="1.0">
	<File path="Classes/MendeleyPerformanceMeter.html">
		
		<Token>
			<TokenIdentifier>//apple_ref/occ/cl/MendeleyPerformanceMeter</TokenIdentifier>
			<Abstract type="html"></Abstract>
			<DeclaredIn>MendeleyPerformanceMeter.h</DeclaredIn>
            
			
			<NodeRef refid="36"/>
		</Token>
		
		
		<Token>
			<TokenIdentifier>//apple_ref/occ/clm/MendeleyPerformanceMeter/sharedMeter</TokenIdentifier>
			<Abstract type="html">a singleton performance metre object</Abstract>
			<DeclaredIn>MendeleyPerformanceMeter.h</DeclaredIn>
			
			<Declaration>+ (MendeleyPerformanceMeter *)sharedMeter</Declaration>
			
			<ReturnValue><Abstract type="html">a singleton performance metre object</Abstract></ReturnValue>
			<Anchor>//api/name/sharedMeter</Anchor>
            <NodeRef refid="36"/>
		</Token>
		
		<Token>
			<TokenIdentifier>//apple_ref/occ/instm/MendeleyPerformanceMeter/createSimpleTimerWithName:</TokenIdentifier>
			<Abstract type="html">creates a simple timer
@param timerName</Abstract>
			<DeclaredIn>MendeleyPerformanceMeter.h</DeclaredIn>
			
			<Declaration>- (NSString *)createSimpleTimerWithName:(NSString *)timerName</Declaration>
			
			<ReturnValue><Abstract type="html">string with timerID</Abstract></ReturnValue>
			<Anchor>//api/name/createSimpleTimerWithName:</Anchor>
            <NodeRef refid="36"/>
		</Token>
		
		<Token>
			<TokenIdentifier>//apple_ref/occ/instm/MendeleyPerformanceMeter/startSimpleTimerWithID:</TokenIdentifier>
			<Abstract type="html">starts the simple timer with timerID</Abstract>
			<DeclaredIn>MendeleyPerformanceMeter.h</DeclaredIn>
			
			<Declaration>- (void)startSimpleTimerWithID:(NSString *)timerID</Declaration>
			
			
			<Anchor>//api/name/startSimpleTimerWithID:</Anchor>
            <NodeRef refid="36"/>
		</Token>
		
		<Token>
			<TokenIdentifier>//apple_ref/occ/instm/MendeleyPerformanceMeter/stopAndSaveSimpleTimerWithID:</TokenIdentifier>
			<Abstract type="html">stops and saves the time for timer with ID
@param timerID</Abstract>
			<DeclaredIn>MendeleyPerformanceMeter.h</DeclaredIn>
			
			<Declaration>- (NSString *)stopAndSaveSimpleTimerWithID:(NSString *)timerID</Declaration>
			
			<ReturnValue><Abstract type="html">string ??</Abstract></ReturnValue>
			<Anchor>//api/name/stopAndSaveSimpleTimerWithID:</Anchor>
            <NodeRef refid="36"/>
		</Token>
		
		<Token>
			<TokenIdentifier>//apple_ref/occ/instm/MendeleyPerformanceMeter/createNewSessionWithName:</TokenIdentifier>
			<Abstract type="html">creates a new session with name
@param sessionName</Abstract>
			<DeclaredIn>MendeleyPerformanceMeter.h</DeclaredIn>
			
			<Declaration>- (NSString *)createNewSessionWithName:(NSString *)sessionName</Declaration>
			
			<ReturnValue><Abstract type="html">session ID</Abstract></ReturnValue>
			<Anchor>//api/name/createNewSessionWithName:</Anchor>
            <NodeRef refid="36"/>
		</Token>
		
		<Token>
			<TokenIdentifier>//apple_ref/occ/instm/MendeleyPerformanceMeter/addTimerWithName:ToSession:</TokenIdentifier>
			<Abstract type="html">adds a timer to a session with given ID
@param timerName
@param sessionID</Abstract>
			<DeclaredIn>MendeleyPerformanceMeter.h</DeclaredIn>
			
			<Declaration>- (NSString *)addTimerWithName:(NSString *)timerName ToSession:(NSString *)sessionID</Declaration>
			
			<ReturnValue><Abstract type="html">string timerID</Abstract></ReturnValue>
			<Anchor>//api/name/addTimerWithName:ToSession:</Anchor>
            <NodeRef refid="36"/>
		</Token>
		
		<Token>
			<TokenIdentifier>//apple_ref/occ/instm/MendeleyPerformanceMeter/startTimerWithID:inSession:</TokenIdentifier>
			<Abstract type="html">starts the timer with timer/session ID
@param timerID
@param sessionID</Abstract>
			<DeclaredIn>MendeleyPerformanceMeter.h</DeclaredIn>
			
			<Declaration>- (void)startTimerWithID:(NSString *)timerID inSession:(NSString *)sessionID</Declaration>
			
			
			<Anchor>//api/name/startTimerWithID:inSession:</Anchor>
            <NodeRef refid="36"/>
		</Token>
		
		<Token>
			<TokenIdentifier>//apple_ref/occ/instm/MendeleyPerformanceMeter/stopTimerWithID:inSession:</TokenIdentifier>
			<Abstract type="html">stops the timer for timer/session ID
@param timerID
@param sessionID</Abstract>
			<DeclaredIn>MendeleyPerformanceMeter.h</DeclaredIn>
			
			<Declaration>- (void)stopTimerWithID:(NSString *)timerID inSession:(NSString *)sessionID</Declaration>
			
			
			<Anchor>//api/name/stopTimerWithID:inSession:</Anchor>
            <NodeRef refid="36"/>
		</Token>
		
		<Token>
			<TokenIdentifier>//apple_ref/occ/instm/MendeleyPerformanceMeter/saveReportAndFinalizeSession:</TokenIdentifier>
			<Abstract type="html">saves the timing report for a given session
@param sessionID</Abstract>
			<DeclaredIn>MendeleyPerformanceMeter.h</DeclaredIn>
			
			<Declaration>- (NSString *)saveReportAndFinalizeSession:(NSString *)sessionID</Declaration>
			
			<ReturnValue><Abstract type="html">path to file saved</Abstract></ReturnValue>
			<Anchor>//api/name/saveReportAndFinalizeSession:</Anchor>
            <NodeRef refid="36"/>
		</Token>
		
		<Token>
			<TokenIdentifier>//apple_ref/occ/instm/MendeleyPerformanceMeter/cleanUpPerformancesReportFiles</TokenIdentifier>
			<Abstract type="html">removes all performance measurement files</Abstract>
			<DeclaredIn>MendeleyPerformanceMeter.h</DeclaredIn>
			
			<Declaration>- (void)cleanUpPerformancesReportFiles</Declaration>
			
			
			<Anchor>//api/name/cleanUpPerformancesReportFiles</Anchor>
            <NodeRef refid="36"/>
		</Token>
		
        
        
	</File>
</Tokens>