<?xml version="1.0" encoding="UTF-8"?>
<Tokens version="1.0">
	<File path="Classes/MendeleyKitConfiguration.html">
		
		<Token>
			<TokenIdentifier>//apple_ref/occ/cl/MendeleyKitConfiguration</TokenIdentifier>
			<Abstract type="html"></Abstract>
			<DeclaredIn>MendeleyKitConfiguration.h</DeclaredIn>
            
			
			<NodeRef refid="22"/>
		</Token>
		
		
		<Token>
			<TokenIdentifier>//apple_ref/occ/clm/MendeleyKitConfiguration/sharedInstance</TokenIdentifier>
			<Abstract type="html">   a singleton to obtain access to default SDK configurations</Abstract>
			<DeclaredIn>MendeleyKitConfiguration.h</DeclaredIn>
			
			<Declaration>+ (MendeleyKitConfiguration *)sharedInstance</Declaration>
			
			
			<Anchor>//api/name/sharedInstance</Anchor>
            <NodeRef refid="22"/>
		</Token>
		
		<Token>
			<TokenIdentifier>//apple_ref/occ/instm/MendeleyKitConfiguration/configureOAuthWithParameters:</TokenIdentifier>
			<Abstract type="html">   set up the SDK with necessary OAuth configurations.
   Required parameters are
** kMendeleyOAuth2ClientIDKey - the client ID as per app registration
** kMendeleyOAuth2ClientSecretKey - the client secret as per app registration
** kMendeleyOAuth2RedirectURLKey - the redirect URI as per app registration</Abstract>
			<DeclaredIn>MendeleyKitConfiguration.h</DeclaredIn>
			
			<Declaration>- (void)configureOAuthWithParameters:(NSDictionary *)parameters</Declaration>
			
			
			<Anchor>//api/name/configureOAuthWithParameters:</Anchor>
            <NodeRef refid="22"/>
		</Token>
		
		<Token>
			<TokenIdentifier>//apple_ref/occ/instm/MendeleyKitConfiguration/changeConfigurationWithParameters:</TokenIdentifier>
			<Abstract type="html">   this changes the configuration of the SDK based on the parameters provided.
   If valid, these settings will override the default values used throughout the SDK
   Supported parameters are:
** kMendeleyBaseAPIURLKey - to set a custom base API URL. Value must be of type NSString
** kMendeleyBaseOAuth2URLKey - to set a custom OAuth2 authentication server URL. Value must be of type NSString
** kMendeleyBasePublicURLKey - to set a custom public URL API. Value must be of type NSString
** kMendeleyTrustedSSLServerKey - to indicate whether the SSL server is trusted. Value must be of type NSNumber
** kMendeleyOAuthProviderKey    - the name of the class implementing the MendeleyOAuthDefaultProvider protocol
** kMendeleyNetworkProviderKey  - the name of the class implementing the MendeleyNetworkProvider protocol
** kMendeleyDocumentViewType    - the type of view to use while calling document related services. Value must be a NSString. Possible values are specified in the globals header.
   @param configurationParameters</Abstract>
			<DeclaredIn>MendeleyKitConfiguration.h</DeclaredIn>
			
			<Declaration>- (void)changeConfigurationWithParameters:(NSDictionary *)configurationParameters</Declaration>
			
			
			<Anchor>//api/name/changeConfigurationWithParameters:</Anchor>
            <NodeRef refid="22"/>
		</Token>
		
		<Token>
			<TokenIdentifier>//apple_ref/occ/instm/MendeleyKitConfiguration/resetToDefault</TokenIdentifier>
			<Abstract type="html">   resets all parameters to default</Abstract>
			<DeclaredIn>MendeleyKitConfiguration.h</DeclaredIn>
			
			<Declaration>- (void)resetToDefault</Declaration>
			
			
			<Anchor>//api/name/resetToDefault</Anchor>
            <NodeRef refid="22"/>
		</Token>
		
        
        
	</File>
</Tokens>