<?xml version="1.0" encoding="UTF-8"?>
<Tokens version="1.0">
	<File path="Protocols/MendeleyCancellableRequest.html">
		
		<Token>
			<TokenIdentifier>//apple_ref/occ/intf/MendeleyCancellableRequest</TokenIdentifier>
			<Abstract type="html"></Abstract>
			<DeclaredIn>MendeleyCancellableRequest.h</DeclaredIn>
            
			
			<NodeRef refid="56"/>
		</Token>
		
		
		<Token>
			<TokenIdentifier>//apple_ref/occ/intfm/MendeleyCancellableRequest/cancelConnection</TokenIdentifier>
			<Abstract type="html">   this cancels the current active NSURLConnection</Abstract>
			<DeclaredIn>MendeleyCancellableRequest.h</DeclaredIn>
			
			<Declaration>- (void)cancelConnection</Declaration>
			
			
			<Anchor>//api/name/cancelConnection</Anchor>
            <NodeRef refid="56"/>
		</Token>
		
        
        
	</File>
</Tokens>