<?xml version="1.0" encoding="UTF-8"?>
<Tokens version="1.0">
	<File path="Classes/MendeleyAcademicStatusesAPI.html">
		
		<Token>
			<TokenIdentifier>//apple_ref/occ/cl/MendeleyAcademicStatusesAPI</TokenIdentifier>
			<Abstract type="html"></Abstract>
			<DeclaredIn>MendeleyAcademicStatusesAPI.h</DeclaredIn>
            
			
			<NodeRef refid="1"/>
		</Token>
		
		
		<Token>
			<TokenIdentifier>//apple_ref/occ/instm/MendeleyAcademicStatusesAPI/academicStatusesWithTask:completionBlock:</TokenIdentifier>
			<Abstract type="html">   This method gets all registered Mendeley academic statuses</Abstract>
			<DeclaredIn>MendeleyAcademicStatusesAPI.h</DeclaredIn>
			
			<Declaration>- (void)academicStatusesWithTask:(MendeleyTask *)task completionBlock:(MendeleyArrayCompletionBlock)completionBlock</Declaration>
			<Parameters>
				<Parameter>
					<Name>task</Name>
					<Abstract type="html">the cancellable MendeleyTask</Abstract>
				</Parameter><Parameter>
					<Name>completionBlock</Name>
					<Abstract type="html">will return an array of MendeleyAcademicStatus objects</Abstract>
				</Parameter>
			</Parameters>
			
			<Anchor>//api/name/academicStatusesWithTask:completionBlock:</Anchor>
            <NodeRef refid="1"/>
		</Token>
		
        
        
	</File>
</Tokens>