<?xml version="1.0" encoding="UTF-8"?>
<Tokens version="1.0">
	<File path="Classes/MendeleyErrorManager.html">
		
		<Token>
			<TokenIdentifier>//apple_ref/occ/cl/MendeleyErrorManager</TokenIdentifier>
			<Abstract type="html"></Abstract>
			<DeclaredIn>MendeleyErrorManager.h</DeclaredIn>
            
			
			<NodeRef refid="14"/>
		</Token>
		
		
		<Token>
			<TokenIdentifier>//apple_ref/occ/clm/MendeleyErrorManager/sharedInstance</TokenIdentifier>
			<Abstract type="html">   returns a singleton MendeleyErrorManager instance</Abstract>
			<DeclaredIn>MendeleyErrorManager.h</DeclaredIn>
			
			<Declaration>+ (instancetype)sharedInstance</Declaration>
			
			
			<Anchor>//api/name/sharedInstance</Anchor>
            <NodeRef refid="14"/>
		</Token>
		
		<Token>
			<TokenIdentifier>//apple_ref/occ/instm/MendeleyErrorManager/addUserInfoHelper:errorDomain:</TokenIdentifier>
			<Abstract type="html">* add an error user info builder for a specific error domain. Raises an exception if the helper is nil, or if the errorDomain is nil or empty
   @param helper
   @param errorDomain</Abstract>
			<DeclaredIn>MendeleyErrorManager.h</DeclaredIn>
			
			<Declaration>- (void)addUserInfoHelper:(id&lt;MendeleyUserInfoProvider&gt;)helper errorDomain:(NSString *)errorDomain</Declaration>
			
			
			<Anchor>//api/name/addUserInfoHelper:errorDomain:</Anchor>
            <NodeRef refid="14"/>
		</Token>
		
		<Token>
			<TokenIdentifier>//apple_ref/occ/instm/MendeleyErrorManager/removeUserInfoHelperWithErrorDomain:</TokenIdentifier>
			<Abstract type="html">* remove the user info builder for a specific errorDomain. Does anything if the domain does not exists. Raises an exception if the errorDomain is nil or empty
   @param errorDomain</Abstract>
			<DeclaredIn>MendeleyErrorManager.h</DeclaredIn>
			
			<Declaration>- (void)removeUserInfoHelperWithErrorDomain:(NSString *)errorDomain</Declaration>
			
			
			<Anchor>//api/name/removeUserInfoHelperWithErrorDomain:</Anchor>
            <NodeRef refid="14"/>
		</Token>
		
		<Token>
			<TokenIdentifier>//apple_ref/occ/instm/MendeleyErrorManager/errorWithDomain:code:</TokenIdentifier>
			<Abstract type="html">* create an NSError object whit a given errorDomain and errorCode. Raises an exception if the errorDomain is nil, empty, does not exist or the errorCode is not recognized as an error for the given domain
   @param errorDomain
   @param errorCode</Abstract>
			<DeclaredIn>MendeleyErrorManager.h</DeclaredIn>
			
			<Declaration>- (NSError *)errorWithDomain:(NSString *)errorDomain code:(NSInteger)errorCode</Declaration>
			
			<ReturnValue><Abstract type="html">NSError</Abstract></ReturnValue>
			<Anchor>//api/name/errorWithDomain:code:</Anchor>
            <NodeRef refid="14"/>
		</Token>
		
		<Token>
			<TokenIdentifier>//apple_ref/occ/instm/MendeleyErrorManager/errorFromOriginalError:error:</TokenIdentifier>
			<Abstract type="html">*  create an NSError object whose user info contains a list of the given errors. If one of the given errors is nil, the result error is the other one, nil if both are nil
   @param originalError
   @param secondError</Abstract>
			<DeclaredIn>MendeleyErrorManager.h</DeclaredIn>
			
			<Declaration>- (NSError *)errorFromOriginalError:(NSError *)originalError error:(NSError *)secondError</Declaration>
			
			<ReturnValue><Abstract type="html">NSError</Abstract></ReturnValue>
			<Anchor>//api/name/errorFromOriginalError:error:</Anchor>
            <NodeRef refid="14"/>
		</Token>
		
        
        
	</File>
</Tokens>