<?xml version="1.0" encoding="UTF-8"?>
<Tokens version="1.0">
	<File path="Constants/MendeleyReservedErrorCode.html">
		
		<Token>
			<TokenIdentifier>//apple_ref/c/tdef/MendeleyReservedErrorCode</TokenIdentifier>
			<Abstract type="html"></Abstract>
			<DeclaredIn>MendeleyErrorManager.h</DeclaredIn>
            
			
			<NodeRef refid="67"/>
		</Token>
		
		
        
        <Token>
            <TokenIdentifier>//apple_ref/c/econst/MendeleyErrorUnknown</TokenIdentifier>
            <Abstract type="html"></Abstract>
            <Declaration>MendeleyErrorUnknown</Declaration>
            
            <DeclaredIn>MendeleyErrorManager.h</DeclaredIn>
            
            <NodeRef refid="67"/>
        </Token>
        
        <Token>
            <TokenIdentifier>//apple_ref/c/econst/MendeleyErrorMultipleErrors</TokenIdentifier>
            <Abstract type="html"></Abstract>
            <Declaration>MendeleyErrorMultipleErrors</Declaration>
            
            <DeclaredIn>MendeleyErrorManager.h</DeclaredIn>
            
            <NodeRef refid="67"/>
        </Token>
        
        
	</File>
</Tokens>