<?xml version="1.0" encoding="UTF-8"?>
<Tokens version="1.0">
	<File path="Classes/MendeleyAnnotation.html">
		
		<Token>
			<TokenIdentifier>//apple_ref/occ/cl/MendeleyAnnotation</TokenIdentifier>
			<Abstract type="html"></Abstract>
			<DeclaredIn>MendeleyAnnotation.h</DeclaredIn>
            
			
			<NodeRef refid="2"/>
		</Token>
		
		
		<Token>
			<TokenIdentifier>//apple_ref/occ/clm/MendeleyAnnotation/colorFromParameters:error:</TokenIdentifier>
			<Abstract type="html">   Annotations have color components, which are stored as map&lt;string, integer&gt;, where string is
   either r,g,b
   This method converts the color JSON map into a UIColor object (iOS) or NSColor object (Mac OSX)
   @param colorParameters
   @param error</Abstract>
			<DeclaredIn>MendeleyAnnotation.h</DeclaredIn>
			
			<Declaration>+ (id)colorFromParameters:(NSDictionary *)colorParameters error:(NSError **)error</Declaration>
			
			<ReturnValue><Abstract type="html">a UIColor/NSColor object or nil if error</Abstract></ReturnValue>
			<Anchor>//api/name/colorFromParameters:error:</Anchor>
            <NodeRef refid="2"/>
		</Token>
		
		<Token>
			<TokenIdentifier>//apple_ref/occ/clm/MendeleyAnnotation/jsonColorFromColor:error:</TokenIdentifier>
			<Abstract type="html">   converts a color object (UIColor/NSColor) back into JSON
   @param color
   @param error</Abstract>
			<DeclaredIn>MendeleyAnnotation.h</DeclaredIn>
			
			<Declaration>+ (NSDictionary *)jsonColorFromColor:(id)color error:(NSError **)error</Declaration>
			
			<ReturnValue><Abstract type="html">JSON map of color components</Abstract></ReturnValue>
			<Anchor>//api/name/jsonColorFromColor:error:</Anchor>
            <NodeRef refid="2"/>
		</Token>
		
        
        
	</File>
</Tokens>