<?xml version="1.0" encoding="UTF-8"?>
<Tokens version="1.0">
	<File path="Categories/NSMutableArray+MaximumSize.html">
		
		<Token>
			<TokenIdentifier>//apple_ref/occ/cat/NSMutableArray(MaximumSize)</TokenIdentifier>
			<Abstract type="html"></Abstract>
			<DeclaredIn>NSMutableArray+MaximumSize.h</DeclaredIn>
            
			
			<NodeRef refid="55"/>
		</Token>
		
		
		<Token>
			<TokenIdentifier>//apple_ref/occ/instm/NSMutableArray/addObject:maximumArraySize:</TokenIdentifier>
			<Abstract type="html">   Ensures that an object is only added if the value is below maximumSize
   @param object
   @param maximumSize</Abstract>
			<DeclaredIn>NSMutableArray+MaximumSize.h</DeclaredIn>
			
			<Declaration>- (void)addObject:(id)object maximumArraySize:(NSUInteger)maximumSize</Declaration>
			
			
			<Anchor>//api/name/addObject:maximumArraySize:</Anchor>
            <NodeRef refid="55"/>
		</Token>
		
		<Token>
			<TokenIdentifier>//apple_ref/occ/instm/NSMutableArray/addObjectsFromArray:maximumArraySize:</TokenIdentifier>
			<Abstract type="html">   Ensures that a list of objects is only added if the value is below maximumSize
   @param objects
   @param maximumSize</Abstract>
			<DeclaredIn>NSMutableArray+MaximumSize.h</DeclaredIn>
			
			<Declaration>- (void)addObjectsFromArray:(NSArray *)objects maximumArraySize:(NSUInteger)maximumSize</Declaration>
			
			
			<Anchor>//api/name/addObjectsFromArray:maximumArraySize:</Anchor>
            <NodeRef refid="55"/>
		</Token>
		
        
        
	</File>
</Tokens>