<?xml version="1.0" encoding="UTF-8"?>
<Tokens version="1.0">
	<File path="Classes/MendeleyTimer.html">
		
		<Token>
			<TokenIdentifier>//apple_ref/occ/cl/MendeleyTimer</TokenIdentifier>
			<Abstract type="html"></Abstract>
			<DeclaredIn>MendeleyTimer.h</DeclaredIn>
            
			
			<NodeRef refid="48"/>
		</Token>
		
		
		<Token>
			<TokenIdentifier>//apple_ref/occ/instm/MendeleyTimer/start</TokenIdentifier>
			<Abstract type="html">Starts or restarts the timer.</Abstract>
			<DeclaredIn>MendeleyTimer.h</DeclaredIn>
			
			<Declaration>- (void)start</Declaration>
			
			
			<Anchor>//api/name/start</Anchor>
            <NodeRef refid="48"/>
		</Token>
		
		<Token>
			<TokenIdentifier>//apple_ref/occ/instm/MendeleyTimer/stop</TokenIdentifier>
			<Abstract type="html">Captures the timer.</Abstract>
			<DeclaredIn>MendeleyTimer.h</DeclaredIn>
			
			<Declaration>- (void)stop</Declaration>
			
			
			<Anchor>//api/name/stop</Anchor>
            <NodeRef refid="48"/>
		</Token>
		
		<Token>
			<TokenIdentifier>//apple_ref/occ/instm/MendeleyTimer/nsElapsed</TokenIdentifier>
			<Abstract type="html">Returns the elapsed time in nanoseconds of the last capture.</Abstract>
			<DeclaredIn>MendeleyTimer.h</DeclaredIn>
			
			<Declaration>- (UInt64)nsElapsed</Declaration>
			
			
			<Anchor>//api/name/nsElapsed</Anchor>
            <NodeRef refid="48"/>
		</Token>
		
		<Token>
			<TokenIdentifier>//apple_ref/occ/instm/MendeleyTimer/msElapsed</TokenIdentifier>
			<Abstract type="html">Returns the elapsed time in milliseconds of the last capture.</Abstract>
			<DeclaredIn>MendeleyTimer.h</DeclaredIn>
			
			<Declaration>- (UInt32)msElapsed</Declaration>
			
			
			<Anchor>//api/name/msElapsed</Anchor>
            <NodeRef refid="48"/>
		</Token>
		
		<Token>
			<TokenIdentifier>//apple_ref/occ/instm/MendeleyTimer/stringWithElapsedTime</TokenIdentifier>
			<Abstract type="html">Returns a string containing a representation of the elapsed time.</Abstract>
			<DeclaredIn>MendeleyTimer.h</DeclaredIn>
			
			<Declaration>- (NSString *)stringWithElapsedTime</Declaration>
			
			
			<Anchor>//api/name/stringWithElapsedTime</Anchor>
            <NodeRef refid="48"/>
		</Token>
		
		<Token>
			<TokenIdentifier>//apple_ref/occ/clm/MendeleyTimer/timerWithName:</TokenIdentifier>
			<Abstract type="html">returns a timer for a given name
@param name</Abstract>
			<DeclaredIn>MendeleyTimer.h</DeclaredIn>
			
			<Declaration>+ (MendeleyTimer *)timerWithName:(NSString *)name</Declaration>
			
			<ReturnValue><Abstract type="html">the MendeleyTimer object if found</Abstract></ReturnValue>
			<Anchor>//api/name/timerWithName:</Anchor>
            <NodeRef refid="48"/>
		</Token>
		
		<Token>
			<TokenIdentifier>//apple_ref/occ/instm/MendeleyTimer/invalidate</TokenIdentifier>
			<Abstract type="html">invalidates the timer</Abstract>
			<DeclaredIn>MendeleyTimer.h</DeclaredIn>
			
			<Declaration>- (void)invalidate</Declaration>
			
			
			<Anchor>//api/name/invalidate</Anchor>
            <NodeRef refid="48"/>
		</Token>
		
        
        
	</File>
</Tokens>