<?xml version="1.0" encoding="UTF-8"?>
<Tokens version="1.0">
	<File path="Classes/MendeleyNSURLConnectionProvider.html">
		
		<Token>
			<TokenIdentifier>//apple_ref/occ/cl/MendeleyNSURLConnectionProvider</TokenIdentifier>
			<Abstract type="html"></Abstract>
			<DeclaredIn>MendeleyNSURLConnectionProvider.h</DeclaredIn>
            
			
			<NodeRef refid="24"/>
		</Token>
		
		
		<Token>
			<TokenIdentifier>//apple_ref/occ/clm/MendeleyNSURLConnectionProvider/sharedInstance</TokenIdentifier>
			<Abstract type="html">returns a singleton instance of MendeleyNSURLConnectionProvider</Abstract>
			<DeclaredIn>MendeleyNSURLConnectionProvider.h</DeclaredIn>
			
			<Declaration>+ (MendeleyNSURLConnectionProvider *)sharedInstance</Declaration>
			
			
			<Anchor>//api/name/sharedInstance</Anchor>
            <NodeRef refid="24"/>
		</Token>
		
        
        
	</File>
</Tokens>