<?xml version="1.0" encoding="UTF-8"?>
<Tokens version="1.0">
	<File path="Classes/MendeleyObjectHelper.html">
		
		<Token>
			<TokenIdentifier>//apple_ref/occ/cl/MendeleyObjectHelper</TokenIdentifier>
			<Abstract type="html"></Abstract>
			<DeclaredIn>MendeleyObjectHelper.h</DeclaredIn>
            
			
			<NodeRef refid="40"/>
		</Token>
		
		
		<Token>
			<TokenIdentifier>//apple_ref/occ/clm/MendeleyObjectHelper/jsonDateFormatter</TokenIdentifier>
			<Abstract type="html">   the standard JSON data type for parsing/writing JSON dates</Abstract>
			<DeclaredIn>MendeleyObjectHelper.h</DeclaredIn>
			
			<Declaration>+ (NSDateFormatter *)jsonDateFormatter</Declaration>
			
			
			<Anchor>//api/name/jsonDateFormatter</Anchor>
            <NodeRef refid="40"/>
		</Token>
		
		<Token>
			<TokenIdentifier>//apple_ref/occ/clm/MendeleyObjectHelper/jsonPropertyDictionary</TokenIdentifier>
			<Abstract type="html">   a dictionary containing a map between JSON property names and model properties where 1-2-1 isn&apos;t possible</Abstract>
			<DeclaredIn>MendeleyObjectHelper.h</DeclaredIn>
			
			<Declaration>+ (NSDictionary *)jsonPropertyDictionary</Declaration>
			
			
			<Anchor>//api/name/jsonPropertyDictionary</Anchor>
            <NodeRef refid="40"/>
		</Token>
		
		<Token>
			<TokenIdentifier>//apple_ref/occ/clm/MendeleyObjectHelper/modelPropertyDictionary</TokenIdentifier>
			<Abstract type="html">   a dictionary containing a map between model property names and JSON properties where 1-2-1 isn&apos;t possible</Abstract>
			<DeclaredIn>MendeleyObjectHelper.h</DeclaredIn>
			
			<Declaration>+ (NSDictionary *)modelPropertyDictionary</Declaration>
			
			
			<Anchor>//api/name/modelPropertyDictionary</Anchor>
            <NodeRef refid="40"/>
		</Token>
		
		<Token>
			<TokenIdentifier>//apple_ref/occ/clm/MendeleyObjectHelper/arrayToModelDictionary</TokenIdentifier>
			<Abstract type="html">   this dictionary maps JSON arrays to model classes</Abstract>
			<DeclaredIn>MendeleyObjectHelper.h</DeclaredIn>
			
			<Declaration>+ (NSDictionary *)arrayToModelDictionary</Declaration>
			
			
			<Anchor>//api/name/arrayToModelDictionary</Anchor>
            <NodeRef refid="40"/>
		</Token>
		
		<Token>
			<TokenIdentifier>//apple_ref/occ/clm/MendeleyObjectHelper/propertiesAndAttributesForModel:</TokenIdentifier>
			<Abstract type="html">the model object to parse</Abstract>
			<DeclaredIn>MendeleyObjectHelper.h</DeclaredIn>
			
			<Declaration>+ (NSDictionary *)propertiesAndAttributesForModel:(id)model</Declaration>
			<Parameters>
				<Parameter>
					<Name>model</Name>
					<Abstract type="html">the model object to parse</Abstract>
				</Parameter>
			</Parameters>
			<ReturnValue><Abstract type="html">a dictionary containing the property names and their values (if nil). Maybe empty if none are found</Abstract></ReturnValue>
			<Anchor>//api/name/propertiesAndAttributesForModel:</Anchor>
            <NodeRef refid="40"/>
		</Token>
		
		<Token>
			<TokenIdentifier>//apple_ref/occ/clm/MendeleyObjectHelper/propertyNamesForModel:</TokenIdentifier>
			<Abstract type="html">the model object to parse</Abstract>
			<DeclaredIn>MendeleyObjectHelper.h</DeclaredIn>
			
			<Declaration>+ (NSArray *)propertyNamesForModel:(id)model</Declaration>
			<Parameters>
				<Parameter>
					<Name>model</Name>
					<Abstract type="html">the model object to parse</Abstract>
				</Parameter>
			</Parameters>
			<ReturnValue><Abstract type="html">an array containing all property names (including superclass)</Abstract></ReturnValue>
			<Anchor>//api/name/propertyNamesForModel:</Anchor>
            <NodeRef refid="40"/>
		</Token>
		
		<Token>
			<TokenIdentifier>//apple_ref/occ/clm/MendeleyObjectHelper/matchedKeyForJSONKey:</TokenIdentifier>
			<Abstract type="html">   This method matches the JSON property name to a model class name
   In most cases this will simply return the JSON property name. In some, e.g. &quot;id&quot; the JSON name
   cannot be used as it would clash with Objective C keywords and types. In these cases the property names
   returned will be a match to the model class property name.</Abstract>
			<DeclaredIn>MendeleyObjectHelper.h</DeclaredIn>
			
			<Declaration>+ (NSString *)matchedKeyForJSONKey:(NSString *)key</Declaration>
			<Parameters>
				<Parameter>
					<Name>key</Name>
					<Abstract type="html">the JSON property name</Abstract>
				</Parameter>
			</Parameters>
			<ReturnValue><Abstract type="html">the matched name if found or the JSON name if not</Abstract></ReturnValue>
			<Anchor>//api/name/matchedKeyForJSONKey:</Anchor>
            <NodeRef refid="40"/>
		</Token>
		
		<Token>
			<TokenIdentifier>//apple_ref/occ/clm/MendeleyObjectHelper/matchedJSONKeyForKey:</TokenIdentifier>
			<Abstract type="html">   This method maps the model property name to a JSON property name. As in the matchedKeyForJSONKey method
   this will be mostly a one to one mapping. Where this is not possible, a proper match will be provided
   (e.g. JSON property &quot;id&quot; is mapped to &quot;object_ID&quot;)</Abstract>
			<DeclaredIn>MendeleyObjectHelper.h</DeclaredIn>
			
			<Declaration>+ (NSString *)matchedJSONKeyForKey:(NSString *)key</Declaration>
			<Parameters>
				<Parameter>
					<Name>key</Name>
					<Abstract type="html">the Model class property name</Abstract>
				</Parameter>
			</Parameters>
			<ReturnValue><Abstract type="html">the matched JSON name if found or the model name if not</Abstract></ReturnValue>
			<Anchor>//api/name/matchedJSONKeyForKey:</Anchor>
            <NodeRef refid="40"/>
		</Token>
		
		<Token>
			<TokenIdentifier>//apple_ref/occ/clm/MendeleyObjectHelper/modelFromClassName:error:</TokenIdentifier>
			<Abstract type="html">   creates a model instance from a class name</Abstract>
			<DeclaredIn>MendeleyObjectHelper.h</DeclaredIn>
			
			<Declaration>+ (id)modelFromClassName:(NSString *)className error:(NSError **)error</Declaration>
			<Parameters>
				<Parameter>
					<Name>className</Name>
					<Abstract type="html">the name of the model class</Abstract>
				</Parameter><Parameter>
					<Name>error</Name>
					<Abstract type="html">will be nil if method call is successful</Abstract>
				</Parameter>
			</Parameters>
			<ReturnValue><Abstract type="html">an instance of the model class or nil if unsuccessful</Abstract></ReturnValue>
			<Anchor>//api/name/modelFromClassName:error:</Anchor>
            <NodeRef refid="40"/>
		</Token>
		
		<Token>
			<TokenIdentifier>//apple_ref/occ/clm/MendeleyObjectHelper/isCustomizableModelObject:forPropertyName:error:</TokenIdentifier>
			<Abstract type="html">   Returns a Boolean value that indicates whether the receiving propertyName for a specific model object contains a custom object or not.</Abstract>
			<DeclaredIn>MendeleyObjectHelper.h</DeclaredIn>
			
			<Declaration>+ (BOOL)isCustomizableModelObject:(id)modelObject forPropertyName:(NSString *)propertyName error:(NSError **)error</Declaration>
			<Parameters>
				<Parameter>
					<Name>modelObject</Name>
					<Abstract type="html">the model object</Abstract>
				</Parameter><Parameter>
					<Name>propertyName</Name>
					<Abstract type="html">the property name</Abstract>
				</Parameter><Parameter>
					<Name>error</Name>
					<Abstract type="html">will be nill if method call is successfull</Abstract>
				</Parameter>
			</Parameters>
			<ReturnValue><Abstract type="html">YES if the propertyName of the model object contains a custom object, otherwise NO.</Abstract></ReturnValue>
			<Anchor>//api/name/isCustomizableModelObject:forPropertyName:error:</Anchor>
            <NodeRef refid="40"/>
		</Token>
		
		<Token>
			<TokenIdentifier>//apple_ref/occ/clm/MendeleyObjectHelper/customObjectFromRawValue:modelObject:propertyName:error:</TokenIdentifier>
			<Abstract type="html">   Returns a custom initialized object corresponding to the receiving raw value for a specific model object and propertyName.</Abstract>
			<DeclaredIn>MendeleyObjectHelper.h</DeclaredIn>
			
			<Declaration>+ (id)customObjectFromRawValue:(id)rawValue modelObject:(id)modelObject propertyName:(NSString *)propertyName error:(NSError **)error</Declaration>
			<Parameters>
				<Parameter>
					<Name>rawValue</Name>
					<Abstract type="html">the raw object to be converted</Abstract>
				</Parameter><Parameter>
					<Name>modelObject</Name>
					<Abstract type="html">the model object</Abstract>
				</Parameter><Parameter>
					<Name>propertyName</Name>
					<Abstract type="html">the property name</Abstract>
				</Parameter><Parameter>
					<Name>error</Name>
					<Abstract type="html">will be nill if method call is successfull</Abstract>
				</Parameter>
			</Parameters>
			<ReturnValue><Abstract type="html">the custom initialized value if the propertyName of the model object contains a custom object.</Abstract></ReturnValue>
			<Anchor>//api/name/customObjectFromRawValue:modelObject:propertyName:error:</Anchor>
            <NodeRef refid="40"/>
		</Token>
		
		<Token>
			<TokenIdentifier>//apple_ref/occ/clm/MendeleyObjectHelper/rawValueFromCustomObject:modelObject:propertyName:error:</TokenIdentifier>
			<Abstract type="html">   Returns a raw value corresponding to the receiving custom object for a specific model object and propertyName.</Abstract>
			<DeclaredIn>MendeleyObjectHelper.h</DeclaredIn>
			
			<Declaration>+ (id)rawValueFromCustomObject:(id)customObject modelObject:(id)modelObject propertyName:(NSString *)propertyName error:(NSError **)error</Declaration>
			<Parameters>
				<Parameter>
					<Name>customObject</Name>
					<Abstract type="html">the custom object to be converted</Abstract>
				</Parameter><Parameter>
					<Name>modelObject</Name>
					<Abstract type="html">the model object</Abstract>
				</Parameter><Parameter>
					<Name>propertyName</Name>
					<Abstract type="html">the property name</Abstract>
				</Parameter><Parameter>
					<Name>error</Name>
					<Abstract type="html">will be nill if method call is successfull</Abstract>
				</Parameter>
			</Parameters>
			<ReturnValue><Abstract type="html">the raw value if the propertyName of the model object contains a custom object.</Abstract></ReturnValue>
			<Anchor>//api/name/rawValueFromCustomObject:modelObject:propertyName:error:</Anchor>
            <NodeRef refid="40"/>
		</Token>
		
        
        
	</File>
</Tokens>