<?xml version="1.0" encoding="UTF-8"?>
<Tokens version="1.0">
	<File path="Classes/MendeleyMetadataAPI.html">
		
		<Token>
			<TokenIdentifier>//apple_ref/occ/cl/MendeleyMetadataAPI</TokenIdentifier>
			<Abstract type="html"></Abstract>
			<DeclaredIn>MendeleyMetadataAPI.h</DeclaredIn>
            
			
			<NodeRef refid="24"/>
		</Token>
		
		
		<Token>
			<TokenIdentifier>//apple_ref/occ/instm/MendeleyMetadataAPI/metadataLookupWithQueryParameters:task:completionBlock:</TokenIdentifier>
			<Abstract type="html">   @param queryParameters
   @param task
   @param completionBlock</Abstract>
			<DeclaredIn>MendeleyMetadataAPI.h</DeclaredIn>
			
			<Declaration>- (void)metadataLookupWithQueryParameters:(MendeleyMetadataParameters *)queryParameters task:(MendeleyTask *)task completionBlock:(MendeleyObjectCompletionBlock)completionBlock</Declaration>
			
			
			<Anchor>//api/name/metadataLookupWithQueryParameters:task:completionBlock:</Anchor>
            <NodeRef refid="24"/>
		</Token>
		
        
        
	</File>
</Tokens>