<?xml version="1.0" encoding="UTF-8"?>
<Tokens version="1.0">
	<File path="Categories/NSError+Exceptions.html">
		
		<Token>
			<TokenIdentifier>//apple_ref/occ/cat/NSError(Exceptions)</TokenIdentifier>
			<Abstract type="html"></Abstract>
			<DeclaredIn>NSError+Exceptions.h</DeclaredIn>
            
			
			<NodeRef refid="55"/>
		</Token>
		
		
		<Token>
			<TokenIdentifier>//apple_ref/occ/instm/NSError/assertArgumentNotNil:argumentName:</TokenIdentifier>
			<Abstract type="html">   asserts that an argument is not nil. If a required argument is nil, this is considered a fatal error, and the SDK will throw an exception.
   This will most likely cause the app to exit/crash.
   @param argument
   @param argumentName</Abstract>
			<DeclaredIn>NSError+Exceptions.h</DeclaredIn>
			
			<Declaration>+ (void)assertArgumentNotNil:(id)argument argumentName:(NSString *)argumentName</Declaration>
			
			
			<Anchor>//api/name/assertArgumentNotNil:argumentName:</Anchor>
            <NodeRef refid="55"/>
		</Token>
		
		<Token>
			<TokenIdentifier>//apple_ref/occ/instm/NSError/assertStringArgumentNotNilOrEmpty:argumentName:</TokenIdentifier>
			<Abstract type="html">   asserts that an argument is not nil. If a required argument is nil, this is considered a fatal error, and the SDK will throw an exception.
   This will most likely cause the app to exit/crash.
   @param argument
   @param argumentName</Abstract>
			<DeclaredIn>NSError+Exceptions.h</DeclaredIn>
			
			<Declaration>+ (void)assertStringArgumentNotNilOrEmpty:(NSString *)argument argumentName:(NSString *)argumentName</Declaration>
			
			
			<Anchor>//api/name/assertStringArgumentNotNilOrEmpty:argumentName:</Anchor>
            <NodeRef refid="55"/>
		</Token>
		
		<Token>
			<TokenIdentifier>//apple_ref/occ/instm/NSError/assertURLArgumentNotNilOrMissing:argumentName:</TokenIdentifier>
			<Abstract type="html">   asserts that an argument is not nil. If a required argument is nil, this is considered a fatal error, and the SDK will throw an exception.
   This will most likely cause the app to exit/crash.
   @param argument
   @param argumentName</Abstract>
			<DeclaredIn>NSError+Exceptions.h</DeclaredIn>
			
			<Declaration>+ (void)assertURLArgumentNotNilOrMissing:(NSURL *)argument argumentName:(NSString *)argumentName</Declaration>
			
			
			<Anchor>//api/name/assertURLArgumentNotNilOrMissing:argumentName:</Anchor>
            <NodeRef refid="55"/>
		</Token>
		
        
        
	</File>
</Tokens>