<?xml version="1.0" encoding="UTF-8"?>
<Tokens version="1.0">
	<File path="Classes/MendeleyCatalogDocument.html">
		
		<Token>
			<TokenIdentifier>//apple_ref/occ/cl/MendeleyCatalogDocument</TokenIdentifier>
			<Abstract type="html"></Abstract>
			<DeclaredIn>MendeleyCatalogDocument.h</DeclaredIn>
            
			
			<NodeRef refid="4"/>
		</Token>
		
		
		<Token>
			<TokenIdentifier>//apple_ref/occ/instm/MendeleyCatalogDocument/setMonth:</TokenIdentifier>
			<Abstract type="html">   NSNumber types (integer)</Abstract>
			<DeclaredIn>MendeleyCatalogDocument.h</DeclaredIn>
			
			<Declaration>@property (nonatomic, strong) NSNumber *month</Declaration>
			
			
			<Anchor>//api/name/month</Anchor>
            <NodeRef refid="4"/>
		</Token>
		
		<Token>
			<TokenIdentifier>//apple_ref/occ/instm/MendeleyCatalogDocument/month</TokenIdentifier>
			<Abstract type="html">   NSNumber types (integer)</Abstract>
			<DeclaredIn>MendeleyCatalogDocument.h</DeclaredIn>
			
			<Declaration>@property (nonatomic, strong) NSNumber *month</Declaration>
			
			
			<Anchor>//api/name/month</Anchor>
            <NodeRef refid="4"/>
		</Token>
		
		<Token>
			<TokenIdentifier>//apple_ref/occ/instp/MendeleyCatalogDocument/month</TokenIdentifier>
			<Abstract type="html">   NSNumber types (integer)</Abstract>
			<DeclaredIn>MendeleyCatalogDocument.h</DeclaredIn>
			
			<Declaration>@property (nonatomic, strong) NSNumber *month</Declaration>
			
			
			<Anchor>//api/name/month</Anchor>
            <NodeRef refid="4"/>
		</Token>
		
		<Token>
			<TokenIdentifier>//apple_ref/occ/instm/MendeleyCatalogDocument/setFile_attached:</TokenIdentifier>
			<Abstract type="html">   NSNumber types (boolean)</Abstract>
			<DeclaredIn>MendeleyCatalogDocument.h</DeclaredIn>
			
			<Declaration>@property (nonatomic, strong) NSNumber *file_attached</Declaration>
			
			
			<Anchor>//api/name/file_attached</Anchor>
            <NodeRef refid="4"/>
		</Token>
		
		<Token>
			<TokenIdentifier>//apple_ref/occ/instm/MendeleyCatalogDocument/file_attached</TokenIdentifier>
			<Abstract type="html">   NSNumber types (boolean)</Abstract>
			<DeclaredIn>MendeleyCatalogDocument.h</DeclaredIn>
			
			<Declaration>@property (nonatomic, strong) NSNumber *file_attached</Declaration>
			
			
			<Anchor>//api/name/file_attached</Anchor>
            <NodeRef refid="4"/>
		</Token>
		
		<Token>
			<TokenIdentifier>//apple_ref/occ/instp/MendeleyCatalogDocument/file_attached</TokenIdentifier>
			<Abstract type="html">   NSNumber types (boolean)</Abstract>
			<DeclaredIn>MendeleyCatalogDocument.h</DeclaredIn>
			
			<Declaration>@property (nonatomic, strong) NSNumber *file_attached</Declaration>
			
			
			<Anchor>//api/name/file_attached</Anchor>
            <NodeRef refid="4"/>
		</Token>
		
		<Token>
			<TokenIdentifier>//apple_ref/occ/instm/MendeleyCatalogDocument/setAuthors:</TokenIdentifier>
			<Abstract type="html">   NSArray types (Person)</Abstract>
			<DeclaredIn>MendeleyCatalogDocument.h</DeclaredIn>
			
			<Declaration>@property (nonatomic, strong) NSArray *authors</Declaration>
			
			
			<Anchor>//api/name/authors</Anchor>
            <NodeRef refid="4"/>
		</Token>
		
		<Token>
			<TokenIdentifier>//apple_ref/occ/instm/MendeleyCatalogDocument/authors</TokenIdentifier>
			<Abstract type="html">   NSArray types (Person)</Abstract>
			<DeclaredIn>MendeleyCatalogDocument.h</DeclaredIn>
			
			<Declaration>@property (nonatomic, strong) NSArray *authors</Declaration>
			
			
			<Anchor>//api/name/authors</Anchor>
            <NodeRef refid="4"/>
		</Token>
		
		<Token>
			<TokenIdentifier>//apple_ref/occ/instp/MendeleyCatalogDocument/authors</TokenIdentifier>
			<Abstract type="html">   NSArray types (Person)</Abstract>
			<DeclaredIn>MendeleyCatalogDocument.h</DeclaredIn>
			
			<Declaration>@property (nonatomic, strong) NSArray *authors</Declaration>
			
			
			<Anchor>//api/name/authors</Anchor>
            <NodeRef refid="4"/>
		</Token>
		
		<Token>
			<TokenIdentifier>//apple_ref/occ/instm/MendeleyCatalogDocument/setIdentifiers:</TokenIdentifier>
			<Abstract type="html">   NSDictionary type (Identifiers, e.g. arxiv)</Abstract>
			<DeclaredIn>MendeleyCatalogDocument.h</DeclaredIn>
			
			<Declaration>@property (nonatomic, strong) NSDictionary *identifiers</Declaration>
			
			
			<Anchor>//api/name/identifiers</Anchor>
            <NodeRef refid="4"/>
		</Token>
		
		<Token>
			<TokenIdentifier>//apple_ref/occ/instm/MendeleyCatalogDocument/identifiers</TokenIdentifier>
			<Abstract type="html">   NSDictionary type (Identifiers, e.g. arxiv)</Abstract>
			<DeclaredIn>MendeleyCatalogDocument.h</DeclaredIn>
			
			<Declaration>@property (nonatomic, strong) NSDictionary *identifiers</Declaration>
			
			
			<Anchor>//api/name/identifiers</Anchor>
            <NodeRef refid="4"/>
		</Token>
		
		<Token>
			<TokenIdentifier>//apple_ref/occ/instp/MendeleyCatalogDocument/identifiers</TokenIdentifier>
			<Abstract type="html">   NSDictionary type (Identifiers, e.g. arxiv)</Abstract>
			<DeclaredIn>MendeleyCatalogDocument.h</DeclaredIn>
			
			<Declaration>@property (nonatomic, strong) NSDictionary *identifiers</Declaration>
			
			
			<Anchor>//api/name/identifiers</Anchor>
            <NodeRef refid="4"/>
		</Token>
		
		<Token>
			<TokenIdentifier>//apple_ref/occ/instm/MendeleyCatalogDocument/setCreated:</TokenIdentifier>
			<Abstract type="html">   NSDate types (stringDate)</Abstract>
			<DeclaredIn>MendeleyCatalogDocument.h</DeclaredIn>
			
			<Declaration>@property (nonatomic, strong) NSDate *created</Declaration>
			
			
			<Anchor>//api/name/created</Anchor>
            <NodeRef refid="4"/>
		</Token>
		
		<Token>
			<TokenIdentifier>//apple_ref/occ/instm/MendeleyCatalogDocument/created</TokenIdentifier>
			<Abstract type="html">   NSDate types (stringDate)</Abstract>
			<DeclaredIn>MendeleyCatalogDocument.h</DeclaredIn>
			
			<Declaration>@property (nonatomic, strong) NSDate *created</Declaration>
			
			
			<Anchor>//api/name/created</Anchor>
            <NodeRef refid="4"/>
		</Token>
		
		<Token>
			<TokenIdentifier>//apple_ref/occ/instp/MendeleyCatalogDocument/created</TokenIdentifier>
			<Abstract type="html">   NSDate types (stringDate)</Abstract>
			<DeclaredIn>MendeleyCatalogDocument.h</DeclaredIn>
			
			<Declaration>@property (nonatomic, strong) NSDate *created</Declaration>
			
			
			<Anchor>//api/name/created</Anchor>
            <NodeRef refid="4"/>
		</Token>
		
		<Token>
			<TokenIdentifier>//apple_ref/occ/instm/MendeleyCatalogDocument/setType:</TokenIdentifier>
			<Abstract type="html">   NSString types (string)</Abstract>
			<DeclaredIn>MendeleyCatalogDocument.h</DeclaredIn>
			
			<Declaration>@property (nonatomic, strong) NSString *type</Declaration>
			
			
			<Anchor>//api/name/type</Anchor>
            <NodeRef refid="4"/>
		</Token>
		
		<Token>
			<TokenIdentifier>//apple_ref/occ/instm/MendeleyCatalogDocument/type</TokenIdentifier>
			<Abstract type="html">   NSString types (string)</Abstract>
			<DeclaredIn>MendeleyCatalogDocument.h</DeclaredIn>
			
			<Declaration>@property (nonatomic, strong) NSString *type</Declaration>
			
			
			<Anchor>//api/name/type</Anchor>
            <NodeRef refid="4"/>
		</Token>
		
		<Token>
			<TokenIdentifier>//apple_ref/occ/instp/MendeleyCatalogDocument/type</TokenIdentifier>
			<Abstract type="html">   NSString types (string)</Abstract>
			<DeclaredIn>MendeleyCatalogDocument.h</DeclaredIn>
			
			<Declaration>@property (nonatomic, strong) NSString *type</Declaration>
			
			
			<Anchor>//api/name/type</Anchor>
            <NodeRef refid="4"/>
		</Token>
		
        
        
	</File>
</Tokens>