<?xml version="1.0" encoding="UTF-8"?>
<Tokens version="1.0">
	<File path="Classes/MendeleyFilesAPI.html">
		
		<Token>
			<TokenIdentifier>//apple_ref/occ/cl/MendeleyFilesAPI</TokenIdentifier>
			<Abstract type="html"></Abstract>
			<DeclaredIn>MendeleyFilesAPI.h</DeclaredIn>
            
			
			<NodeRef refid="13"/>
		</Token>
		
		
		<Token>
			<TokenIdentifier>//apple_ref/occ/instm/MendeleyFilesAPI/fileListWithQueryParameters:task:completionBlock:</TokenIdentifier>
			<Abstract type="html">   obtains a list of files for the first page.</Abstract>
			<DeclaredIn>MendeleyFilesAPI.h</DeclaredIn>
			
			<Declaration>- (void)fileListWithQueryParameters:(MendeleyFileParameters *)queryParameters task:(MendeleyTask *)task completionBlock:(MendeleyArrayCompletionBlock)completionBlock</Declaration>
			<Parameters>
				<Parameter>
					<Name>parameters</Name>
					<Abstract type="html">the parameter set to be used in the request
@param task
   @param completionBlock</Abstract>
				</Parameter>
			</Parameters>
			
			<Anchor>//api/name/fileListWithQueryParameters:task:completionBlock:</Anchor>
            <NodeRef refid="13"/>
		</Token>
		
		<Token>
			<TokenIdentifier>//apple_ref/occ/instm/MendeleyFilesAPI/fileWithFileID:saveToURL:task:progressBlock:completionBlock:</TokenIdentifier>
			<Abstract type="html">   obtains a file for given ID from the library
   @param fileID
@param fileURL
@param task
   @param progressBlock
   @param completionBlock</Abstract>
			<DeclaredIn>MendeleyFilesAPI.h</DeclaredIn>
			
			<Declaration>- (void)fileWithFileID:(NSString *)fileID saveToURL:(NSURL *)fileURL task:(MendeleyTask *)task progressBlock:(MendeleyResponseProgressBlock)progressBlock completionBlock:(MendeleyCompletionBlock)completionBlock</Declaration>
			
			
			<Anchor>//api/name/fileWithFileID:saveToURL:task:progressBlock:completionBlock:</Anchor>
            <NodeRef refid="13"/>
		</Token>
		
		<Token>
			<TokenIdentifier>//apple_ref/occ/instm/MendeleyFilesAPI/createFile:relativeToDocumentURLPath:task:progressBlock:completionBlock:</TokenIdentifier>
			<Abstract type="html">   this creates a file based on the mendeley object model provided in the argument.
   The server will respond with the JSON data structure for the new object
   @param fileURL
@param documentURLPath
@param task
   @param progressBlock
   @param completionBlock</Abstract>
			<DeclaredIn>MendeleyFilesAPI.h</DeclaredIn>
			
			<Declaration>- (void)createFile:(NSURL *)fileURL relativeToDocumentURLPath:(NSString *)documentURLPath task:(MendeleyTask *)task progressBlock:(MendeleyResponseProgressBlock)progressBlock completionBlock:(MendeleyObjectCompletionBlock)completionBlock</Declaration>
			
			
			<Anchor>//api/name/createFile:relativeToDocumentURLPath:task:progressBlock:completionBlock:</Anchor>
            <NodeRef refid="13"/>
		</Token>
		
		<Token>
			<TokenIdentifier>//apple_ref/occ/instm/MendeleyFilesAPI/deleteFileWithID:task:completionBlock:</TokenIdentifier>
			<Abstract type="html">   this method will remove a file with given ID permanently. The file data cannot be retrieved.
   However, the user will be able to get a list of permanently removed IDs
@param documentID
@param task
   @param completionBlock</Abstract>
			<DeclaredIn>MendeleyFilesAPI.h</DeclaredIn>
			
			<Declaration>- (void)deleteFileWithID:(NSString *)fileID task:(MendeleyTask *)task completionBlock:(MendeleyCompletionBlock)completionBlock</Declaration>
			
			
			<Anchor>//api/name/deleteFileWithID:task:completionBlock:</Anchor>
            <NodeRef refid="13"/>
		</Token>
		
		<Token>
			<TokenIdentifier>//apple_ref/occ/instm/MendeleyFilesAPI/fileListWithLinkedURL:task:completionBlock:</TokenIdentifier>
			<Abstract type="html">@param linkURL
@param task
   @param completionBlock</Abstract>
			<DeclaredIn>MendeleyFilesAPI.h</DeclaredIn>
			
			<Declaration>- (void)fileListWithLinkedURL:(NSURL *)linkURL task:(MendeleyTask *)task completionBlock:(MendeleyArrayCompletionBlock)completionBlock</Declaration>
			
			
			<Anchor>//api/name/fileListWithLinkedURL:task:completionBlock:</Anchor>
            <NodeRef refid="13"/>
		</Token>
		
		<Token>
			<TokenIdentifier>//apple_ref/occ/instm/MendeleyFilesAPI/deletedFilesSince:task:completionBlock:</TokenIdentifier>
			<Abstract type="html">   This method returns a list of files IDs that were permanently deleted. The list of deleted IDs will be kept on
   the server for a limited period of time.</Abstract>
			<DeclaredIn>MendeleyFilesAPI.h</DeclaredIn>
			
			<Declaration>- (void)deletedFilesSince:(NSDate *)deletedSince task:(MendeleyTask *)task completionBlock:(MendeleyArrayCompletionBlock)completionBlock</Declaration>
			<Parameters>
				<Parameter>
					<Name>deletedSince</Name>
					<Abstract type="html">the parameter set to be used in the request
@param task
   @param completionBlock</Abstract>
				</Parameter>
			</Parameters>
			
			<Anchor>//api/name/deletedFilesSince:task:completionBlock:</Anchor>
            <NodeRef refid="13"/>
		</Token>
		
        
        
	</File>
</Tokens>