<?xml version="1.0" encoding="UTF-8"?>
<Tokens version="1.0">
	<File path="Classes/MendeleyDocumentsAPI.html">
		
		<Token>
			<TokenIdentifier>//apple_ref/occ/cl/MendeleyDocumentsAPI</TokenIdentifier>
			<Abstract type="html"></Abstract>
			<DeclaredIn>MendeleyDocumentsAPI.h</DeclaredIn>
            
			
			<NodeRef refid="10"/>
		</Token>
		
		
		<Token>
			<TokenIdentifier>//apple_ref/occ/instm/MendeleyDocumentsAPI/documentListWithLinkedURL:completionBlock:</TokenIdentifier>
			<Abstract type="html">   This method is only used when paging through a list of documents on the server.
   All required parameters are provided in the linkURL, which should not be modified</Abstract>
			<DeclaredIn>MendeleyDocumentsAPI.h</DeclaredIn>
			
			<Declaration>- (void)documentListWithLinkedURL:(NSURL *)linkURL completionBlock:(MendeleyArrayCompletionBlock)completionBlock</Declaration>
			<Parameters>
				<Parameter>
					<Name>linkURL</Name>
					<Abstract type="html">the full HTTP link to the document listings page
   @param completionBlock</Abstract>
				</Parameter>
			</Parameters>
			
			<Anchor>//api/name/documentListWithLinkedURL:completionBlock:</Anchor>
            <NodeRef refid="10"/>
		</Token>
		
		<Token>
			<TokenIdentifier>//apple_ref/occ/instm/MendeleyDocumentsAPI/documentListWithQueryParameters:completionBlock:</TokenIdentifier>
			<Abstract type="html">   obtains a list of documents for the first page.</Abstract>
			<DeclaredIn>MendeleyDocumentsAPI.h</DeclaredIn>
			
			<Declaration>- (void)documentListWithQueryParameters:(MendeleyDocumentParameters *)queryParameters completionBlock:(MendeleyArrayCompletionBlock)completionBlock</Declaration>
			<Parameters>
				<Parameter>
					<Name>parameters</Name>
					<Abstract type="html">the parameter set to be used in the request
   @param completionBlock</Abstract>
				</Parameter>
			</Parameters>
			
			<Anchor>//api/name/documentListWithQueryParameters:completionBlock:</Anchor>
            <NodeRef refid="10"/>
		</Token>
		
		<Token>
			<TokenIdentifier>//apple_ref/occ/instm/MendeleyDocumentsAPI/documentWithDocumentID:completionBlock:</TokenIdentifier>
			<Abstract type="html">   obtains a document for given ID from the library
   @param documentID
   @param completionBlock</Abstract>
			<DeclaredIn>MendeleyDocumentsAPI.h</DeclaredIn>
			
			<Declaration>- (void)documentWithDocumentID:(NSString *)documentID completionBlock:(MendeleyObjectCompletionBlock)completionBlock</Declaration>
			
			
			<Anchor>//api/name/documentWithDocumentID:completionBlock:</Anchor>
            <NodeRef refid="10"/>
		</Token>
		
		<Token>
			<TokenIdentifier>//apple_ref/occ/instm/MendeleyDocumentsAPI/catalogDocumentWithCatalogID:completionBlock:</TokenIdentifier>
			<Abstract type="html">   This method returns a catalog document for a given catalog ID
   @param catalogID
   @param completionBlock</Abstract>
			<DeclaredIn>MendeleyDocumentsAPI.h</DeclaredIn>
			
			<Declaration>- (void)catalogDocumentWithCatalogID:(NSString *)catalogID completionBlock:(MendeleyObjectCompletionBlock)completionBlock</Declaration>
			
			
			<Anchor>//api/name/catalogDocumentWithCatalogID:completionBlock:</Anchor>
            <NodeRef refid="10"/>
		</Token>
		
		<Token>
			<TokenIdentifier>//apple_ref/occ/instm/MendeleyDocumentsAPI/catalogDocumentWithParameters:completionBlock:</TokenIdentifier>
			<Abstract type="html">   This method obtains a list of documents based on a filter. The filter should not be nil or empty
   @param queryParameters
   @param completionBlock</Abstract>
			<DeclaredIn>MendeleyDocumentsAPI.h</DeclaredIn>
			
			<Declaration>- (void)catalogDocumentWithParameters:(MendeleyCatalogParameters *)queryParameters completionBlock:(MendeleyArrayCompletionBlock)completionBlock</Declaration>
			
			
			<Anchor>//api/name/catalogDocumentWithParameters:completionBlock:</Anchor>
            <NodeRef refid="10"/>
		</Token>
		
		<Token>
			<TokenIdentifier>//apple_ref/occ/instm/MendeleyDocumentsAPI/createDocument:completionBlock:</TokenIdentifier>
			<Abstract type="html">   this creates a document based on the mendeley object model provided in the argument.
   The server will respond with the JSON data structure for the new object
   @param mendeleyDocument
   @param completionBlock</Abstract>
			<DeclaredIn>MendeleyDocumentsAPI.h</DeclaredIn>
			
			<Declaration>- (void)createDocument:(MendeleyDocument *)mendeleyDocument completionBlock:(MendeleyObjectCompletionBlock)completionBlock</Declaration>
			
			
			<Anchor>//api/name/createDocument:completionBlock:</Anchor>
            <NodeRef refid="10"/>
		</Token>
		
		<Token>
			<TokenIdentifier>//apple_ref/occ/instm/MendeleyDocumentsAPI/updateDocument:completionBlock:</TokenIdentifier>
			<Abstract type="html">   modify/update a document with ID. The server will return a JSON object with the updated data
   @param updatedMendeleyDocument
   @param completionBlock</Abstract>
			<DeclaredIn>MendeleyDocumentsAPI.h</DeclaredIn>
			
			<Declaration>- (void)updateDocument:(MendeleyDocument *)updatedMendeleyDocument completionBlock:(MendeleyObjectCompletionBlock)completionBlock</Declaration>
			
			
			<Anchor>//api/name/updateDocument:completionBlock:</Anchor>
            <NodeRef refid="10"/>
		</Token>
		
		<Token>
			<TokenIdentifier>//apple_ref/occ/instm/MendeleyDocumentsAPI/deleteDocumentWithID:completionBlock:</TokenIdentifier>
			<Abstract type="html">   this method will remove a document with given ID permanently. The document data cannot be retrieved.
   However, the user will be able to get a list of permanently removed IDs
   @param documentID
   @param completionBlock</Abstract>
			<DeclaredIn>MendeleyDocumentsAPI.h</DeclaredIn>
			
			<Declaration>- (void)deleteDocumentWithID:(NSString *)documentID completionBlock:(MendeleyCompletionBlock)completionBlock</Declaration>
			
			
			<Anchor>//api/name/deleteDocumentWithID:completionBlock:</Anchor>
            <NodeRef refid="10"/>
		</Token>
		
		<Token>
			<TokenIdentifier>//apple_ref/occ/instm/MendeleyDocumentsAPI/trashDocumentWithID:completionBlock:</TokenIdentifier>
			<Abstract type="html">   This method will move a document of given ID into the trash on the server. Data in trash can be restored
   (as opposed to using the deleteDocumentWithID:completionBlock: method which permanently removes them)
   @param documentID
   @param completionBlock</Abstract>
			<DeclaredIn>MendeleyDocumentsAPI.h</DeclaredIn>
			
			<Declaration>- (void)trashDocumentWithID:(NSString *)documentID completionBlock:(MendeleyCompletionBlock)completionBlock</Declaration>
			
			
			<Anchor>//api/name/trashDocumentWithID:completionBlock:</Anchor>
            <NodeRef refid="10"/>
		</Token>
		
		<Token>
			<TokenIdentifier>//apple_ref/occ/instm/MendeleyDocumentsAPI/deletedDocumentsSince:completionBlock:</TokenIdentifier>
			<Abstract type="html">   This method returns a list of document IDs that were permanently deleted. The list of deleted IDs will be kept on
   the server for a limited period of time.</Abstract>
			<DeclaredIn>MendeleyDocumentsAPI.h</DeclaredIn>
			
			<Declaration>- (void)deletedDocumentsSince:(NSDate *)deletedSince completionBlock:(MendeleyArrayCompletionBlock)completionBlock</Declaration>
			
			
			<Anchor>//api/name/deletedDocumentsSince:completionBlock:</Anchor>
            <NodeRef refid="10"/>
		</Token>
		
		<Token>
			<TokenIdentifier>//apple_ref/occ/instm/MendeleyDocumentsAPI/trashedDocumentListWithLinkedURL:completionBlock:</TokenIdentifier>
			<Abstract type="html">   This method obtains a list for a given page link of &apos;trashed&apos; documents
   based on a list of query parameters.
   All required parameters are provided in the linkURL, which should not be modified</Abstract>
			<DeclaredIn>MendeleyDocumentsAPI.h</DeclaredIn>
			
			<Declaration>- (void)trashedDocumentListWithLinkedURL:(NSURL *)linkURL completionBlock:(MendeleyArrayCompletionBlock)completionBlock</Declaration>
			<Parameters>
				<Parameter>
					<Name>linkURL</Name>
					<Abstract type="html">the full HTTP link to the document listings page
   @param completionBlock</Abstract>
				</Parameter>
			</Parameters>
			
			<Anchor>//api/name/trashedDocumentListWithLinkedURL:completionBlock:</Anchor>
            <NodeRef refid="10"/>
		</Token>
		
		<Token>
			<TokenIdentifier>//apple_ref/occ/instm/MendeleyDocumentsAPI/trashedDocumentListWithQueryParameters:completionBlock:</TokenIdentifier>
			<Abstract type="html">   This method obtains a list for the &apos;first&apos; page of &apos;trashed&apos; documents
   based on a list of query parameters.</Abstract>
			<DeclaredIn>MendeleyDocumentsAPI.h</DeclaredIn>
			
			<Declaration>- (void)trashedDocumentListWithQueryParameters:(MendeleyDocumentParameters *)queryParameters completionBlock:(MendeleyArrayCompletionBlock)completionBlock</Declaration>
			<Parameters>
				<Parameter>
					<Name>parameters</Name>
					<Abstract type="html">the parameter set to be used in the request
   @param completionBlock</Abstract>
				</Parameter>
			</Parameters>
			
			<Anchor>//api/name/trashedDocumentListWithQueryParameters:completionBlock:</Anchor>
            <NodeRef refid="10"/>
		</Token>
		
		<Token>
			<TokenIdentifier>//apple_ref/occ/instm/MendeleyDocumentsAPI/deleteTrashedDocumentWithID:completionBlock:</TokenIdentifier>
			<Abstract type="html">   this method will remove a trashed document with given ID permanently.
   The document data cannot be retrieved.
   However, the user will be able to get a list of permanently removed IDs
   @param documentID
   @param completionBlock</Abstract>
			<DeclaredIn>MendeleyDocumentsAPI.h</DeclaredIn>
			
			<Declaration>- (void)deleteTrashedDocumentWithID:(NSString *)documentID completionBlock:(MendeleyCompletionBlock)completionBlock</Declaration>
			
			
			<Anchor>//api/name/deleteTrashedDocumentWithID:completionBlock:</Anchor>
            <NodeRef refid="10"/>
		</Token>
		
		<Token>
			<TokenIdentifier>//apple_ref/occ/instm/MendeleyDocumentsAPI/restoreTrashedDocumentWithID:completionBlock:</TokenIdentifier>
			<Abstract type="html">   this method will restore a trashed document.
   In essence this means the document must be retrieved using the /documents API
   @param documentID
   @param completionBlock</Abstract>
			<DeclaredIn>MendeleyDocumentsAPI.h</DeclaredIn>
			
			<Declaration>- (void)restoreTrashedDocumentWithID:(NSString *)documentID completionBlock:(MendeleyCompletionBlock)completionBlock</Declaration>
			
			
			<Anchor>//api/name/restoreTrashedDocumentWithID:completionBlock:</Anchor>
            <NodeRef refid="10"/>
		</Token>
		
		<Token>
			<TokenIdentifier>//apple_ref/occ/instm/MendeleyDocumentsAPI/trashedDocumentWithDocumentID:completionBlock:</TokenIdentifier>
			<Abstract type="html">   obtains a document for given ID from the library
   @param documentID
   @param completionBlock</Abstract>
			<DeclaredIn>MendeleyDocumentsAPI.h</DeclaredIn>
			
			<Declaration>- (void)trashedDocumentWithDocumentID:(NSString *)documentID completionBlock:(MendeleyObjectCompletionBlock)completionBlock</Declaration>
			
			
			<Anchor>//api/name/trashedDocumentWithDocumentID:completionBlock:</Anchor>
            <NodeRef refid="10"/>
		</Token>
		
		<Token>
			<TokenIdentifier>//apple_ref/occ/instm/MendeleyDocumentsAPI/documentTypesWithCompletionBlock:</TokenIdentifier>
			<Abstract type="html">   Method to obtain the supported document types (e.g. journal, book etc)
   @param completionBlock</Abstract>
			<DeclaredIn>MendeleyDocumentsAPI.h</DeclaredIn>
			
			<Declaration>- (void)documentTypesWithCompletionBlock:(MendeleyArrayCompletionBlock)completionBlock</Declaration>
			
			
			<Anchor>//api/name/documentTypesWithCompletionBlock:</Anchor>
            <NodeRef refid="10"/>
		</Token>
		
		<Token>
			<TokenIdentifier>//apple_ref/occ/instm/MendeleyDocumentsAPI/identifierTypesWithCompletionBlock:</TokenIdentifier>
			<Abstract type="html">   Method to obtain the supported identifier types (e.g. pmid, doi, arXiv etc)
   @param completionBlock</Abstract>
			<DeclaredIn>MendeleyDocumentsAPI.h</DeclaredIn>
			
			<Declaration>- (void)identifierTypesWithCompletionBlock:(MendeleyArrayCompletionBlock)completionBlock</Declaration>
			
			
			<Anchor>//api/name/identifierTypesWithCompletionBlock:</Anchor>
            <NodeRef refid="10"/>
		</Token>
		
        
        
	</File>
</Tokens>