<?xml version="1.0" encoding="UTF-8"?>
<Tokens version="1.0">
	<File path="Classes/MendeleyKit.html">
		
		<Token>
			<TokenIdentifier>//apple_ref/occ/cl/MendeleyKit</TokenIdentifier>
			<Abstract type="html">Copyright (C) 2014-2017 Elsevier/Mendeley.</Abstract>
			<DeclaredIn>MendeleyKit.h</DeclaredIn>
            
			
			<NodeRef refid="17"/>
		</Token>
		
		
		<Token>
			<TokenIdentifier>//apple_ref/occ/clm/MendeleyKit/sharedInstance</TokenIdentifier>
			<Abstract type="html">   singleton for MendeleyKit. Do we actually need a singleton here?</Abstract>
			<DeclaredIn>MendeleyKit.h</DeclaredIn>
			
			<Declaration>+ (MendeleyKit *)sharedInstance</Declaration>
			
			
			<Anchor>//api/name/sharedInstance</Anchor>
            <NodeRef refid="17"/>
		</Token>
		
		<Token>
			<TokenIdentifier>//apple_ref/occ/instm/MendeleyKit/changeNetworkProviderWithClassName:</TokenIdentifier>
			<Abstract type="html">   changes the default network provider</Abstract>
			<DeclaredIn>MendeleyKit.h</DeclaredIn>
			
			<Declaration>- (void)changeNetworkProviderWithClassName:(NSString *)networkProviderClassName</Declaration>
			<Parameters>
				<Parameter>
					<Name>networkProviderClassName</Name>
					<Abstract type="html">the name of the class used as network provider</Abstract>
				</Parameter>
			</Parameters>
			
			<Anchor>//api/name/changeNetworkProviderWithClassName:</Anchor>
            <NodeRef refid="17"/>
		</Token>
		
		<Token>
			<TokenIdentifier>//apple_ref/occ/instm/MendeleyKit/clearAuthentication</TokenIdentifier>
			<Abstract type="html">   Clears out any stored authentication.
   After calling this users will need to log in again.</Abstract>
			<DeclaredIn>MendeleyKit.h</DeclaredIn>
			
			<Declaration>- (void)clearAuthentication</Declaration>
			
			
			<Anchor>//api/name/clearAuthentication</Anchor>
            <NodeRef refid="17"/>
		</Token>
		
		<Token>
			<TokenIdentifier>//apple_ref/occ/instm/MendeleyKit/updateConfiguration</TokenIdentifier>
			<Abstract type="html">   update the configurations used in the SDK</Abstract>
			<DeclaredIn>MendeleyKit.h</DeclaredIn>
			
			<Declaration>- (void)updateConfiguration</Declaration>
			
			
			<Anchor>//api/name/updateConfiguration</Anchor>
            <NodeRef refid="17"/>
		</Token>
		
		<Token>
			<TokenIdentifier>//apple_ref/occ/instm/MendeleyKit/pagedListOfObjectsWithLinkedURL:expectedModel:completionBlock:</TokenIdentifier>
			<Abstract type="html">   This is a generic paging method for objects. The server returns a fully formed URL
   independent of whether the paging is performed on documents, folders or any other API
   that supports paging</Abstract>
			<DeclaredIn>MendeleyKit.h</DeclaredIn>
			
			<Declaration>- (void)pagedListOfObjectsWithLinkedURL:(NSURL *)linkURL expectedModel:(NSString *)expectedModel completionBlock:(MendeleyArrayCompletionBlock)completionBlock</Declaration>
			<Parameters>
				<Parameter>
					<Name>linkURL</Name>
					<Abstract type="html">the full HTTP link to the document listings page</Abstract>
				</Parameter><Parameter>
					<Name>expectedModel</Name>
					<Abstract type="html">the name of the expected model class to return in the array</Abstract>
				</Parameter><Parameter>
					<Name>completionBlock</Name>
					<Abstract type="html">returning array of objects, syncinfo and error</Abstract>
				</Parameter>
			</Parameters>
			
			<Anchor>//api/name/pagedListOfObjectsWithLinkedURL:expectedModel:completionBlock:</Anchor>
            <NodeRef refid="17"/>
		</Token>
		
		<Token>
			<TokenIdentifier>//apple_ref/occ/instm/MendeleyKit/pullMyProfile:</TokenIdentifier>
			<Abstract type="html">   The completionBlock returns an instance of MendeleyUserProfile</Abstract>
			<DeclaredIn>MendeleyKit.h</DeclaredIn>
			
			<Declaration>- (void)pullMyProfile:(MendeleyObjectCompletionBlock)completionBlock</Declaration>
			<Parameters>
				<Parameter>
					<Name>completionBlock</Name>
					<Abstract type="html">returning the profile object if found</Abstract>
				</Parameter>
			</Parameters>
			
			<Anchor>//api/name/pullMyProfile:</Anchor>
            <NodeRef refid="17"/>
		</Token>
		
		<Token>
			<TokenIdentifier>//apple_ref/occ/instm/MendeleyKit/pullProfile:completionBlock:</TokenIdentifier>
			<Abstract type="html">   The completionBlock returns an instance of MendeleyProfile</Abstract>
			<DeclaredIn>MendeleyKit.h</DeclaredIn>
			
			<Declaration>- (void)pullProfile:(NSString *)profileID completionBlock:(MendeleyObjectCompletionBlock)completionBlock</Declaration>
			<Parameters>
				<Parameter>
					<Name>profileID</Name>
					<Abstract type="html">the user profile ID</Abstract>
				</Parameter><Parameter>
					<Name>completionBlock</Name>
					<Abstract type="html">returning the profile object if found</Abstract>
				</Parameter>
			</Parameters>
			
			<Anchor>//api/name/pullProfile:completionBlock:</Anchor>
            <NodeRef refid="17"/>
		</Token>
		
		<Token>
			<TokenIdentifier>//apple_ref/occ/instm/MendeleyKit/documentListWithLinkedURL:completionBlock:</TokenIdentifier>
			<Abstract type="html">   This method is only used when paging through a list of documents on the server.
   All required parameters are provided in the linkURL, which should not be modified</Abstract>
			<DeclaredIn>MendeleyKit.h</DeclaredIn>
			
			<Declaration>- (void)documentListWithLinkedURL:(NSURL *)linkURL completionBlock:(MendeleyArrayCompletionBlock)completionBlock</Declaration>
			<Parameters>
				<Parameter>
					<Name>linkURL</Name>
					<Abstract type="html">the full HTTP link to the document listings page</Abstract>
				</Parameter><Parameter>
					<Name>completionBlock</Name>
					<Abstract type="html">returning array of documents</Abstract>
				</Parameter>
			</Parameters>
			
			<Anchor>//api/name/documentListWithLinkedURL:completionBlock:</Anchor>
            <NodeRef refid="17"/>
		</Token>
		
		<Token>
			<TokenIdentifier>//apple_ref/occ/instm/MendeleyKit/documentListWithQueryParameters:completionBlock:</TokenIdentifier>
			<Abstract type="html">   obtains a list of documents for the first page.</Abstract>
			<DeclaredIn>MendeleyKit.h</DeclaredIn>
			
			<Declaration>- (void)documentListWithQueryParameters:(MendeleyDocumentParameters *)queryParameters completionBlock:(MendeleyArrayCompletionBlock)completionBlock</Declaration>
			<Parameters>
				<Parameter>
					<Name>queryParameters</Name>
					<Abstract type="html">the parameter set to be used in the request</Abstract>
				</Parameter><Parameter>
					<Name>completionBlock</Name>
					<Abstract type="html">returning array of documents</Abstract>
				</Parameter>
			</Parameters>
			
			<Anchor>//api/name/documentListWithQueryParameters:completionBlock:</Anchor>
            <NodeRef refid="17"/>
		</Token>
		
		<Token>
			<TokenIdentifier>//apple_ref/occ/instm/MendeleyKit/documentWithDocumentID:completionBlock:</TokenIdentifier>
			<Abstract type="html">   obtains a document for given ID from the library</Abstract>
			<DeclaredIn>MendeleyKit.h</DeclaredIn>
			
			<Declaration>- (void)documentWithDocumentID:(NSString *)documentID completionBlock:(MendeleyObjectCompletionBlock)completionBlock</Declaration>
			<Parameters>
				<Parameter>
					<Name>documentID</Name>
					<Abstract type="html">the UUID of the document</Abstract>
				</Parameter><Parameter>
					<Name>completionBlock</Name>
					<Abstract type="html">returning the document</Abstract>
				</Parameter>
			</Parameters>
			
			<Anchor>//api/name/documentWithDocumentID:completionBlock:</Anchor>
            <NodeRef refid="17"/>
		</Token>
		
		<Token>
			<TokenIdentifier>//apple_ref/occ/instm/MendeleyKit/catalogDocumentWithCatalogID:completionBlock:</TokenIdentifier>
			<Abstract type="html">   This method returns a catalog document for a given catalog ID</Abstract>
			<DeclaredIn>MendeleyKit.h</DeclaredIn>
			
			<Declaration>- (void)catalogDocumentWithCatalogID:(NSString *)catalogID completionBlock:(MendeleyObjectCompletionBlock)completionBlock</Declaration>
			<Parameters>
				<Parameter>
					<Name>catalogID</Name>
					<Abstract type="html">the catalog UUID</Abstract>
				</Parameter><Parameter>
					<Name>completionBlock</Name>
					<Abstract type="html">returning the catalog document</Abstract>
				</Parameter>
			</Parameters>
			
			<Anchor>//api/name/catalogDocumentWithCatalogID:completionBlock:</Anchor>
            <NodeRef refid="17"/>
		</Token>
		
		<Token>
			<TokenIdentifier>//apple_ref/occ/instm/MendeleyKit/catalogDocumentWithParameters:completionBlock:</TokenIdentifier>
			<Abstract type="html">   This method obtains a list of documents based on a filter. The filter should not be nil or empty</Abstract>
			<DeclaredIn>MendeleyKit.h</DeclaredIn>
			
			<Declaration>- (void)catalogDocumentWithParameters:(MendeleyCatalogParameters *)queryParameters completionBlock:(MendeleyArrayCompletionBlock)completionBlock</Declaration>
			<Parameters>
				<Parameter>
					<Name>queryParameters</Name>
					<Abstract type="html">query parameters for the URL request</Abstract>
				</Parameter><Parameter>
					<Name>completionBlock</Name>
					<Abstract type="html">returning the list of found catalog documents</Abstract>
				</Parameter>
			</Parameters>
			
			<Anchor>//api/name/catalogDocumentWithParameters:completionBlock:</Anchor>
            <NodeRef refid="17"/>
		</Token>
		
		<Token>
			<TokenIdentifier>//apple_ref/occ/instm/MendeleyKit/createDocument:completionBlock:</TokenIdentifier>
			<Abstract type="html">   this creates a document based on the mendeley object model provided in the argument.
   The server will respond with the JSON data structure for the new object</Abstract>
			<DeclaredIn>MendeleyKit.h</DeclaredIn>
			
			<Declaration>- (void)createDocument:(MendeleyDocument *)mendeleyDocument completionBlock:(MendeleyObjectCompletionBlock)completionBlock</Declaration>
			<Parameters>
				<Parameter>
					<Name>mendeleyDocument</Name>
					<Abstract type="html">the document to be created</Abstract>
				</Parameter><Parameter>
					<Name>completionBlock</Name>
					<Abstract type="html">returns the document created on the server with the UUID</Abstract>
				</Parameter>
			</Parameters>
			
			<Anchor>//api/name/createDocument:completionBlock:</Anchor>
            <NodeRef refid="17"/>
		</Token>
		
		<Token>
			<TokenIdentifier>//apple_ref/occ/instm/MendeleyKit/updateDocument:completionBlock:</TokenIdentifier>
			<Abstract type="html">   modify/update a document with ID. The server will return a JSON object with the updated data</Abstract>
			<DeclaredIn>MendeleyKit.h</DeclaredIn>
			
			<Declaration>- (void)updateDocument:(MendeleyDocument *)updatedDocument completionBlock:(MendeleyObjectCompletionBlock)completionBlock</Declaration>
			<Parameters>
				<Parameter>
					<Name>updatedDocument</Name>
					<Abstract type="html">the document to be updated</Abstract>
				</Parameter><Parameter>
					<Name>completionBlock</Name>
					<Abstract type="html">returns the updated document from the server</Abstract>
				</Parameter>
			</Parameters>
			
			<Anchor>//api/name/updateDocument:completionBlock:</Anchor>
            <NodeRef refid="17"/>
		</Token>
		
		<Token>
			<TokenIdentifier>//apple_ref/occ/instm/MendeleyKit/deleteDocumentWithID:completionBlock:</TokenIdentifier>
			<Abstract type="html">   this method will remove a document with given ID permanently. The document data cannot be retrieved.
   However, the user will be able to get a list of permanently removed IDs</Abstract>
			<DeclaredIn>MendeleyKit.h</DeclaredIn>
			
			<Declaration>- (void)deleteDocumentWithID:(NSString *)documentID completionBlock:(MendeleyCompletionBlock)completionBlock</Declaration>
			<Parameters>
				<Parameter>
					<Name>documentID</Name>
					<Abstract type="html">the document UUID</Abstract>
				</Parameter><Parameter>
					<Name>completionBlock</Name>
					<Abstract type="html">returns bool/error</Abstract>
				</Parameter>
			</Parameters>
			
			<Anchor>//api/name/deleteDocumentWithID:completionBlock:</Anchor>
            <NodeRef refid="17"/>
		</Token>
		
		<Token>
			<TokenIdentifier>//apple_ref/occ/instm/MendeleyKit/trashDocumentWithID:completionBlock:</TokenIdentifier>
			<Abstract type="html">   This method will move a document of given ID into the trash on the server. Data in trash can be restored
   (as opposed to using the deleteDocumentWithID:completionBlock: method which permanently removes them)</Abstract>
			<DeclaredIn>MendeleyKit.h</DeclaredIn>
			
			<Declaration>- (void)trashDocumentWithID:(NSString *)documentID completionBlock:(MendeleyCompletionBlock)completionBlock</Declaration>
			<Parameters>
				<Parameter>
					<Name>documentID</Name>
					<Abstract type="html">the document UUID</Abstract>
				</Parameter><Parameter>
					<Name>completionBlock</Name>
					<Abstract type="html">the success block upon completion</Abstract>
				</Parameter>
			</Parameters>
			
			<Anchor>//api/name/trashDocumentWithID:completionBlock:</Anchor>
            <NodeRef refid="17"/>
		</Token>
		
		<Token>
			<TokenIdentifier>//apple_ref/occ/instm/MendeleyKit/deletedDocumentsSince:completionBlock:</TokenIdentifier>
			<Abstract type="html">   This method returns a list of document IDs that were permanently deleted. The list of deleted IDs will be kept on
   the server for a limited period of time.</Abstract>
			<DeclaredIn>MendeleyKit.h</DeclaredIn>
			
			<Declaration>- (void)deletedDocumentsSince:(NSDate *)deletedSince completionBlock:(MendeleyArrayCompletionBlock)completionBlock</Declaration>
			<Parameters>
				<Parameter>
					<Name>deletedSince</Name>
					<Abstract type="html">passed to the server to get list of documents that were deleted since that date</Abstract>
				</Parameter><Parameter>
					<Name>completionBlock</Name>
					<Abstract type="html">a list of document UUIDs if found</Abstract>
				</Parameter>
			</Parameters>
			
			<Anchor>//api/name/deletedDocumentsSince:completionBlock:</Anchor>
            <NodeRef refid="17"/>
		</Token>
		
		<Token>
			<TokenIdentifier>//apple_ref/occ/instm/MendeleyKit/trashedDocumentListWithLinkedURL:completionBlock:</TokenIdentifier>
			<Abstract type="html">   This method obtains a list for a given page link of &apos;trashed&apos; documents
   based on a list of query parameters.
   All required parameters are provided in the linkURL, which should not be modified</Abstract>
			<DeclaredIn>MendeleyKit.h</DeclaredIn>
			
			<Declaration>- (void)trashedDocumentListWithLinkedURL:(NSURL *)linkURL completionBlock:(MendeleyArrayCompletionBlock)completionBlock</Declaration>
			<Parameters>
				<Parameter>
					<Name>linkURL</Name>
					<Abstract type="html">the full HTTP link to the document listings page</Abstract>
				</Parameter><Parameter>
					<Name>completionBlock</Name>
					<Abstract type="html">returns a list of trashed documents if found</Abstract>
				</Parameter>
			</Parameters>
			
			<Anchor>//api/name/trashedDocumentListWithLinkedURL:completionBlock:</Anchor>
            <NodeRef refid="17"/>
		</Token>
		
		<Token>
			<TokenIdentifier>//apple_ref/occ/instm/MendeleyKit/trashedDocumentListWithQueryParameters:completionBlock:</TokenIdentifier>
			<Abstract type="html">   This method obtains a list for the &apos;first&apos; page of &apos;trashed&apos; documents
   based on a list of query parameters.</Abstract>
			<DeclaredIn>MendeleyKit.h</DeclaredIn>
			
			<Declaration>- (void)trashedDocumentListWithQueryParameters:(MendeleyDocumentParameters *)queryParameters completionBlock:(MendeleyArrayCompletionBlock)completionBlock</Declaration>
			<Parameters>
				<Parameter>
					<Name>queryParameters</Name>
					<Abstract type="html">the parameter set to be used in the request</Abstract>
				</Parameter><Parameter>
					<Name>completionBlock</Name>
					<Abstract type="html">the list of trashed documents</Abstract>
				</Parameter>
			</Parameters>
			
			<Anchor>//api/name/trashedDocumentListWithQueryParameters:completionBlock:</Anchor>
            <NodeRef refid="17"/>
		</Token>
		
		<Token>
			<TokenIdentifier>//apple_ref/occ/instm/MendeleyKit/deleteTrashedDocumentWithID:completionBlock:</TokenIdentifier>
			<Abstract type="html">   this method will remove a trashed document with given ID permanently.
   The document data cannot be retrieved.
   However, the user will be able to get a list of permanently removed IDs</Abstract>
			<DeclaredIn>MendeleyKit.h</DeclaredIn>
			
			<Declaration>- (void)deleteTrashedDocumentWithID:(NSString *)documentID completionBlock:(MendeleyCompletionBlock)completionBlock</Declaration>
			<Parameters>
				<Parameter>
					<Name>documentID</Name>
					<Abstract type="html">the UUID of the trashed document</Abstract>
				</Parameter><Parameter>
					<Name>completionBlock</Name>
					<Abstract type="html">a success block for the operation</Abstract>
				</Parameter>
			</Parameters>
			
			<Anchor>//api/name/deleteTrashedDocumentWithID:completionBlock:</Anchor>
            <NodeRef refid="17"/>
		</Token>
		
		<Token>
			<TokenIdentifier>//apple_ref/occ/instm/MendeleyKit/restoreTrashedDocumentWithID:completionBlock:</TokenIdentifier>
			<Abstract type="html">   this method will restore a trashed document.
   In essence this means the document must be retrieved using the /documents API</Abstract>
			<DeclaredIn>MendeleyKit.h</DeclaredIn>
			
			<Declaration>- (void)restoreTrashedDocumentWithID:(NSString *)documentID completionBlock:(MendeleyCompletionBlock)completionBlock</Declaration>
			<Parameters>
				<Parameter>
					<Name>documentID</Name>
					<Abstract type="html">the UUID of the document to be restored from trash</Abstract>
				</Parameter><Parameter>
					<Name>completionBlock</Name>
					<Abstract type="html">the success block</Abstract>
				</Parameter>
			</Parameters>
			
			<Anchor>//api/name/restoreTrashedDocumentWithID:completionBlock:</Anchor>
            <NodeRef refid="17"/>
		</Token>
		
		<Token>
			<TokenIdentifier>//apple_ref/occ/instm/MendeleyKit/trashedDocumentWithDocumentID:completionBlock:</TokenIdentifier>
			<Abstract type="html">   obtains a document for given ID from the library</Abstract>
			<DeclaredIn>MendeleyKit.h</DeclaredIn>
			
			<Declaration>- (void)trashedDocumentWithDocumentID:(NSString *)documentID completionBlock:(MendeleyObjectCompletionBlock)completionBlock</Declaration>
			<Parameters>
				<Parameter>
					<Name>documentID</Name>
					<Abstract type="html">the UUID of the trashed document</Abstract>
				</Parameter><Parameter>
					<Name>completionBlock</Name>
					<Abstract type="html">returns the found trashed document</Abstract>
				</Parameter>
			</Parameters>
			
			<Anchor>//api/name/trashedDocumentWithDocumentID:completionBlock:</Anchor>
            <NodeRef refid="17"/>
		</Token>
		
		<Token>
			<TokenIdentifier>//apple_ref/occ/instm/MendeleyKit/metadataLookupWithQueryParameters:completionBlock:</TokenIdentifier>
			<Abstract type="html">   obtains metadata lookup based on specified search parameters</Abstract>
			<DeclaredIn>MendeleyKit.h</DeclaredIn>
			
			<Declaration>- (void)metadataLookupWithQueryParameters:(MendeleyMetadataParameters *)queryParameters completionBlock:(MendeleyObjectCompletionBlock)completionBlock</Declaration>
			<Parameters>
				<Parameter>
					<Name>queryParameters</Name>
					<Abstract type="html">the search parameters to be used in the request</Abstract>
				</Parameter><Parameter>
					<Name>completionBlock</Name>
					<Abstract type="html">the metadata lookup containing the catalog id and score - if found</Abstract>
				</Parameter>
			</Parameters>
			
			<Anchor>//api/name/metadataLookupWithQueryParameters:completionBlock:</Anchor>
            <NodeRef refid="17"/>
		</Token>
		
		<Token>
			<TokenIdentifier>//apple_ref/occ/instm/MendeleyKit/documentTypesWithCompletionBlock:</TokenIdentifier>
			<Abstract type="html">   obtains the list of document types (e.g. journal, book etc) currently available</Abstract>
			<DeclaredIn>MendeleyKit.h</DeclaredIn>
			
			<Declaration>- (void)documentTypesWithCompletionBlock:(MendeleyArrayCompletionBlock)completionBlock</Declaration>
			<Parameters>
				<Parameter>
					<Name>completionBlock</Name>
					<Abstract type="html">returns the list of document types</Abstract>
				</Parameter>
			</Parameters>
			
			<Anchor>//api/name/documentTypesWithCompletionBlock:</Anchor>
            <NodeRef refid="17"/>
		</Token>
		
		<Token>
			<TokenIdentifier>//apple_ref/occ/instm/MendeleyKit/identifierTypesWithCompletionBlock:</TokenIdentifier>
			<Abstract type="html">   obtains the list of identifier types (e.g. arxiv, doi, pmid) currently available</Abstract>
			<DeclaredIn>MendeleyKit.h</DeclaredIn>
			
			<Declaration>- (void)identifierTypesWithCompletionBlock:(MendeleyArrayCompletionBlock)completionBlock</Declaration>
			<Parameters>
				<Parameter>
					<Name>completionBlock</Name>
					<Abstract type="html">returns the list of identifier types</Abstract>
				</Parameter>
			</Parameters>
			
			<Anchor>//api/name/identifierTypesWithCompletionBlock:</Anchor>
            <NodeRef refid="17"/>
		</Token>
		
		<Token>
			<TokenIdentifier>//apple_ref/occ/instm/MendeleyKit/fileListWithQueryParameters:completionBlock:</TokenIdentifier>
			<Abstract type="html">   obtains a list of files for the first page.</Abstract>
			<DeclaredIn>MendeleyKit.h</DeclaredIn>
			
			<Declaration>- (void)fileListWithQueryParameters:(MendeleyFileParameters *)queryParameters completionBlock:(MendeleyArrayCompletionBlock)completionBlock</Declaration>
			<Parameters>
				<Parameter>
					<Name>queryParameters</Name>
					<Abstract type="html">the parameter set to be used in the request</Abstract>
				</Parameter><Parameter>
					<Name>completionBlock</Name>
					<Abstract type="html">returns the list of files if found</Abstract>
				</Parameter>
			</Parameters>
			
			<Anchor>//api/name/fileListWithQueryParameters:completionBlock:</Anchor>
            <NodeRef refid="17"/>
		</Token>
		
		<Token>
			<TokenIdentifier>//apple_ref/occ/instm/MendeleyKit/fileWithFileID:saveToURL:progressBlock:completionBlock:</TokenIdentifier>
			<Abstract type="html">   obtains a file for given ID from the library</Abstract>
			<DeclaredIn>MendeleyKit.h</DeclaredIn>
			
			<Declaration>- (MendeleyTask *)fileWithFileID:(NSString *)fileID saveToURL:(NSURL *)fileURL progressBlock:(MendeleyResponseProgressBlock)progressBlock completionBlock:(MendeleyCompletionBlock)completionBlock</Declaration>
			<Parameters>
				<Parameter>
					<Name>fileID</Name>
					<Abstract type="html">the file UUID</Abstract>
				</Parameter><Parameter>
					<Name>fileURL</Name>
					<Abstract type="html">the location of the file to be saved into</Abstract>
				</Parameter><Parameter>
					<Name>progressBlock</Name>
					<Abstract type="html">a callback block to capture progress</Abstract>
				</Parameter><Parameter>
					<Name>completionBlock</Name>
					<Abstract type="html">the final completion block indicating success/failure</Abstract>
				</Parameter>
			</Parameters>
			
			<Anchor>//api/name/fileWithFileID:saveToURL:progressBlock:completionBlock:</Anchor>
            <NodeRef refid="17"/>
		</Token>
		
		<Token>
			<TokenIdentifier>//apple_ref/occ/instm/MendeleyKit/createFile:relativeToDocumentURLPath:progressBlock:completionBlock:</TokenIdentifier>
			<Abstract type="html">   this creates a file based on the mendeley object model provided in the argument.
   The server will respond with the JSON data structure for the new object</Abstract>
			<DeclaredIn>MendeleyKit.h</DeclaredIn>
			
			<Declaration>- (void)createFile:(NSURL *)fileURL relativeToDocumentURLPath:(NSString *)documentURLPath progressBlock:(MendeleyResponseProgressBlock)progressBlock completionBlock:(MendeleyObjectCompletionBlock)completionBlock</Declaration>
			<Parameters>
				<Parameter>
					<Name>fileURL</Name>
					<Abstract type="html">the location of the file to be created</Abstract>
				</Parameter><Parameter>
					<Name>documentURLPath</Name>
					<Abstract type="html">the relative URL path of the associated document</Abstract>
				</Parameter><Parameter>
					<Name>progressBlock</Name>
					<Abstract type="html">a callback block to capture progress</Abstract>
				</Parameter><Parameter>
					<Name>completionBlock</Name>
					<Abstract type="html">the success/failure block</Abstract>
				</Parameter>
			</Parameters>
			
			<Anchor>//api/name/createFile:relativeToDocumentURLPath:progressBlock:completionBlock:</Anchor>
            <NodeRef refid="17"/>
		</Token>
		
		<Token>
			<TokenIdentifier>//apple_ref/occ/instm/MendeleyKit/deleteFileWithID:completionBlock:</TokenIdentifier>
			<Abstract type="html">   this method will remove a file with given ID permanently. The file data cannot be retrieved.
   However, the user will be able to get a list of permanently removed IDs</Abstract>
			<DeclaredIn>MendeleyKit.h</DeclaredIn>
			
			<Declaration>- (void)deleteFileWithID:(NSString *)fileID completionBlock:(MendeleyCompletionBlock)completionBlock</Declaration>
			<Parameters>
				<Parameter>
					<Name>fileID</Name>
					<Abstract type="html">the file UUID</Abstract>
				</Parameter><Parameter>
					<Name>completionBlock</Name>
					<Abstract type="html">the success/failure block</Abstract>
				</Parameter>
			</Parameters>
			
			<Anchor>//api/name/deleteFileWithID:completionBlock:</Anchor>
            <NodeRef refid="17"/>
		</Token>
		
		<Token>
			<TokenIdentifier>//apple_ref/occ/instm/MendeleyKit/documentListFromFolderWithID:parameters:completionBlock:</TokenIdentifier>
			<Abstract type="html">   Obtain a list of documents belonging to a specific folder</Abstract>
			<DeclaredIn>MendeleyKit.h</DeclaredIn>
			
			<Declaration>- (void)documentListFromFolderWithID:(NSString *)folderID parameters:(MendeleyFolderParameters *)queryParameters completionBlock:(MendeleyArrayCompletionBlock)completionBlock</Declaration>
			<Parameters>
				<Parameter>
					<Name>folderID</Name>
					<Abstract type="html">the folder UUID</Abstract>
				</Parameter><Parameter>
					<Name>queryParameters</Name>
					<Abstract type="html">the query parameters used in the API request</Abstract>
				</Parameter><Parameter>
					<Name>completionBlock</Name>
					<Abstract type="html">the list of folders returned if found</Abstract>
				</Parameter>
			</Parameters>
			
			<Anchor>//api/name/documentListFromFolderWithID:parameters:completionBlock:</Anchor>
            <NodeRef refid="17"/>
		</Token>
		
		<Token>
			<TokenIdentifier>//apple_ref/occ/instm/MendeleyKit/addDocument:folderID:completionBlock:</TokenIdentifier>
			<Abstract type="html">   Add a previously created document in a specific folder</Abstract>
			<DeclaredIn>MendeleyKit.h</DeclaredIn>
			
			<Declaration>- (void)addDocument:(NSString *)mendeleyDocumentId folderID:(NSString *)folderID completionBlock:(MendeleyCompletionBlock)completionBlock</Declaration>
			<Parameters>
				<Parameter>
					<Name>mendeleyDocumentId</Name>
					<Abstract type="html">the UUID of the folder document</Abstract>
				</Parameter><Parameter>
					<Name>folderID</Name>
					<Abstract type="html">the folder UUID</Abstract>
				</Parameter><Parameter>
					<Name>completionBlock</Name>
					<Abstract type="html">the success/failure block</Abstract>
				</Parameter>
			</Parameters>
			
			<Anchor>//api/name/addDocument:folderID:completionBlock:</Anchor>
            <NodeRef refid="17"/>
		</Token>
		
		<Token>
			<TokenIdentifier>//apple_ref/occ/instm/MendeleyKit/createFolder:completionBlock:</TokenIdentifier>
			<Abstract type="html">   Create a folder</Abstract>
			<DeclaredIn>MendeleyKit.h</DeclaredIn>
			
			<Declaration>- (void)createFolder:(MendeleyFolder *)mendeleyFolder completionBlock:(MendeleyObjectCompletionBlock)completionBlock</Declaration>
			<Parameters>
				<Parameter>
					<Name>mendeleyFolder</Name>
					<Abstract type="html">the folder to be created</Abstract>
				</Parameter><Parameter>
					<Name>completionBlock</Name>
					<Abstract type="html">returns the folder as created on the server with UUID</Abstract>
				</Parameter>
			</Parameters>
			
			<Anchor>//api/name/createFolder:completionBlock:</Anchor>
            <NodeRef refid="17"/>
		</Token>
		
		<Token>
			<TokenIdentifier>//apple_ref/occ/instm/MendeleyKit/folderListWithLinkedURL:completionBlock:</TokenIdentifier>
			<Abstract type="html">   This method is only used when paging through a list of folders on the server.
   All required parameters are provided in the linkURL, which should not be modified</Abstract>
			<DeclaredIn>MendeleyKit.h</DeclaredIn>
			
			<Declaration>- (void)folderListWithLinkedURL:(NSURL *)linkURL completionBlock:(MendeleyArrayCompletionBlock)completionBlock</Declaration>
			<Parameters>
				<Parameter>
					<Name>linkURL</Name>
					<Abstract type="html">the full HTTP link to the document listings page</Abstract>
				</Parameter><Parameter>
					<Name>completionBlock</Name>
					<Abstract type="html">the list of folders if any</Abstract>
				</Parameter>
			</Parameters>
			
			<Anchor>//api/name/folderListWithLinkedURL:completionBlock:</Anchor>
            <NodeRef refid="17"/>
		</Token>
		
		<Token>
			<TokenIdentifier>//apple_ref/occ/instm/MendeleyKit/folderListWithQueryParameters:completionBlock:</TokenIdentifier>
			<Abstract type="html">   Obtain a list of folders for the logged-in user</Abstract>
			<DeclaredIn>MendeleyKit.h</DeclaredIn>
			
			<Declaration>- (void)folderListWithQueryParameters:(MendeleyFolderParameters *)queryParameters completionBlock:(MendeleyArrayCompletionBlock)completionBlock</Declaration>
			<Parameters>
				<Parameter>
					<Name>queryParameters</Name>
					<Abstract type="html">the query parameters to be used in the REST API request</Abstract>
				</Parameter><Parameter>
					<Name>completionBlock</Name>
					<Abstract type="html">the list of folders returned if any</Abstract>
				</Parameter>
			</Parameters>
			
			<Anchor>//api/name/folderListWithQueryParameters:completionBlock:</Anchor>
            <NodeRef refid="17"/>
		</Token>
		
		<Token>
			<TokenIdentifier>//apple_ref/occ/instm/MendeleyKit/folderWithFolderID:completionBlock:</TokenIdentifier>
			<Abstract type="html">   Obtain a folder identified by the given folderID</Abstract>
			<DeclaredIn>MendeleyKit.h</DeclaredIn>
			
			<Declaration>- (void)folderWithFolderID:(NSString *)folderID completionBlock:(MendeleyObjectCompletionBlock)completionBlock</Declaration>
			<Parameters>
				<Parameter>
					<Name>folderID</Name>
					<Abstract type="html">the folder UUID</Abstract>
				</Parameter><Parameter>
					<Name>completionBlock</Name>
					<Abstract type="html">the returned folder for given ID if found</Abstract>
				</Parameter>
			</Parameters>
			
			<Anchor>//api/name/folderWithFolderID:completionBlock:</Anchor>
            <NodeRef refid="17"/>
		</Token>
		
		<Token>
			<TokenIdentifier>//apple_ref/occ/instm/MendeleyKit/deleteFolderWithID:completionBlock:</TokenIdentifier>
			<Abstract type="html">   Delete a folder identified by the given folderID</Abstract>
			<DeclaredIn>MendeleyKit.h</DeclaredIn>
			
			<Declaration>- (void)deleteFolderWithID:(NSString *)folderID completionBlock:(MendeleyCompletionBlock)completionBlock</Declaration>
			<Parameters>
				<Parameter>
					<Name>folderID</Name>
					<Abstract type="html">the folder UUID</Abstract>
				</Parameter><Parameter>
					<Name>completionBlock</Name>
					<Abstract type="html">the success/failure block for the operation</Abstract>
				</Parameter>
			</Parameters>
			
			<Anchor>//api/name/deleteFolderWithID:completionBlock:</Anchor>
            <NodeRef refid="17"/>
		</Token>
		
		<Token>
			<TokenIdentifier>//apple_ref/occ/instm/MendeleyKit/updateFolder:completionBlock:</TokenIdentifier>
			<Abstract type="html">   Update a folder&apos;s name, or move it to a new parent</Abstract>
			<DeclaredIn>MendeleyKit.h</DeclaredIn>
			
			<Declaration>- (void)updateFolder:(MendeleyFolder *)updatedFolder completionBlock:(MendeleyCompletionBlock)completionBlock</Declaration>
			<Parameters>
				<Parameter>
					<Name>updatedFolder</Name>
					<Abstract type="html">the folder to be updated</Abstract>
				</Parameter><Parameter>
					<Name>completionBlock</Name>
					<Abstract type="html">the success/failure block</Abstract>
				</Parameter>
			</Parameters>
			
			<Anchor>//api/name/updateFolder:completionBlock:</Anchor>
            <NodeRef refid="17"/>
		</Token>
		
		<Token>
			<TokenIdentifier>//apple_ref/occ/instm/MendeleyKit/deleteDocumentWithID:fromFolderWithID:completionBlock:</TokenIdentifier>
			<Abstract type="html">   Delete a document identified by the given documentID and belonging to a folder identified by the given folderID</Abstract>
			<DeclaredIn>MendeleyKit.h</DeclaredIn>
			
			<Declaration>- (void)deleteDocumentWithID:(NSString *)documentID fromFolderWithID:(NSString *)folderID completionBlock:(MendeleyCompletionBlock)completionBlock</Declaration>
			<Parameters>
				<Parameter>
					<Name>documentID</Name>
					<Abstract type="html">the document UUID to be deleted in folder</Abstract>
				</Parameter><Parameter>
					<Name>folderID</Name>
					<Abstract type="html">the folder UUID</Abstract>
				</Parameter><Parameter>
					<Name>completionBlock</Name>
					<Abstract type="html">the success/failure block</Abstract>
				</Parameter>
			</Parameters>
			
			<Anchor>//api/name/deleteDocumentWithID:fromFolderWithID:completionBlock:</Anchor>
            <NodeRef refid="17"/>
		</Token>
		
		<Token>
			<TokenIdentifier>//apple_ref/occ/instm/MendeleyKit/groupListWithQueryParameters:iconType:completionBlock:</TokenIdentifier>
			<Abstract type="html">   Obtain a list of groups where the logged in user is a member</Abstract>
			<DeclaredIn>MendeleyKit.h</DeclaredIn>
			
			<Declaration>- (void)groupListWithQueryParameters:(MendeleyGroupParameters *)queryParameters iconType:(MendeleyGroupIconType)iconType completionBlock:(MendeleyArrayCompletionBlock)completionBlock</Declaration>
			<Parameters>
				<Parameter>
					<Name>queryParameters</Name>
					<Abstract type="html">the parameters to be used in the API request</Abstract>
				</Parameter><Parameter>
					<Name>iconType</Name>
					<Abstract type="html">(original, square or standard)</Abstract>
				</Parameter><Parameter>
					<Name>completionBlock</Name>
					<Abstract type="html">the list of groups if found</Abstract>
				</Parameter>
			</Parameters>
			
			<Anchor>//api/name/groupListWithQueryParameters:iconType:completionBlock:</Anchor>
            <NodeRef refid="17"/>
		</Token>
		
		<Token>
			<TokenIdentifier>//apple_ref/occ/instm/MendeleyKit/groupListWithLinkedURL:iconType:completionBlock:</TokenIdentifier>
			<Abstract type="html">   This method is only used when paging through a list of groups on the server.
   All required parameters are provided in the linkURL, which should not be modified</Abstract>
			<DeclaredIn>MendeleyKit.h</DeclaredIn>
			
			<Declaration>- (void)groupListWithLinkedURL:(NSURL *)linkURL iconType:(MendeleyGroupIconType)iconType completionBlock:(MendeleyArrayCompletionBlock)completionBlock</Declaration>
			<Parameters>
				<Parameter>
					<Name>linkURL</Name>
					<Abstract type="html">the full HTTP link to the document listings page</Abstract>
				</Parameter><Parameter>
					<Name>iconType</Name>
					<Abstract type="html">(original, square or standard)</Abstract>
				</Parameter><Parameter>
					<Name>completionBlock</Name>
					<Abstract type="html">the list of groups if found</Abstract>
				</Parameter>
			</Parameters>
			
			<Anchor>//api/name/groupListWithLinkedURL:iconType:completionBlock:</Anchor>
            <NodeRef refid="17"/>
		</Token>
		
		<Token>
			<TokenIdentifier>//apple_ref/occ/instm/MendeleyKit/groupWithGroupID:iconType:completionBlock:</TokenIdentifier>
			<Abstract type="html">   Obtain details for the group identified by the given groupID</Abstract>
			<DeclaredIn>MendeleyKit.h</DeclaredIn>
			
			<Declaration>- (void)groupWithGroupID:(NSString *)groupID iconType:(MendeleyGroupIconType)iconType completionBlock:(MendeleyObjectCompletionBlock)completionBlock</Declaration>
			<Parameters>
				<Parameter>
					<Name>groupID</Name>
					<Abstract type="html">the group UUID</Abstract>
				</Parameter><Parameter>
					<Name>iconType</Name>
					<Abstract type="html">(original, square or standard)</Abstract>
				</Parameter><Parameter>
					<Name>completionBlock</Name>
					<Abstract type="html">returns the group</Abstract>
				</Parameter>
			</Parameters>
			
			<Anchor>//api/name/groupWithGroupID:iconType:completionBlock:</Anchor>
            <NodeRef refid="17"/>
		</Token>
		
		<Token>
			<TokenIdentifier>//apple_ref/occ/instm/MendeleyKit/groupListWithQueryParameters:completionBlock:</TokenIdentifier>
			<Abstract type="html">   Obtain a list of groups where the logged in user is a member
   If provided, it will include the square icon for the group</Abstract>
			<DeclaredIn>MendeleyKit.h</DeclaredIn>
			
			<Declaration>- (void)groupListWithQueryParameters:(MendeleyGroupParameters *)queryParameters completionBlock:(MendeleyArrayCompletionBlock)completionBlock</Declaration>
			<Parameters>
				<Parameter>
					<Name>queryParameters</Name>
					<Abstract type="html">the parameters to be used in the API request</Abstract>
				</Parameter><Parameter>
					<Name>completionBlock</Name>
					<Abstract type="html">the list of groups if found</Abstract>
				</Parameter>
			</Parameters>
			
			<Anchor>//api/name/groupListWithQueryParameters:completionBlock:</Anchor>
            <NodeRef refid="17"/>
		</Token>
		
		<Token>
			<TokenIdentifier>//apple_ref/occ/instm/MendeleyKit/groupListWithLinkedURL:completionBlock:</TokenIdentifier>
			<Abstract type="html">   This method is only used when paging through a list of groups on the server.
   All required parameters are provided in the linkURL, which should not be modified</Abstract>
			<DeclaredIn>MendeleyKit.h</DeclaredIn>
			
			<Declaration>- (void)groupListWithLinkedURL:(NSURL *)linkURL completionBlock:(MendeleyArrayCompletionBlock)completionBlock</Declaration>
			<Parameters>
				<Parameter>
					<Name>linkURL</Name>
					<Abstract type="html">the full HTTP link to the document listings page</Abstract>
				</Parameter><Parameter>
					<Name>completionBlock</Name>
					<Abstract type="html">the list of groups if found</Abstract>
				</Parameter>
			</Parameters>
			
			<Anchor>//api/name/groupListWithLinkedURL:completionBlock:</Anchor>
            <NodeRef refid="17"/>
		</Token>
		
		<Token>
			<TokenIdentifier>//apple_ref/occ/instm/MendeleyKit/groupWithGroupID:completionBlock:</TokenIdentifier>
			<Abstract type="html">   Obtain details for the group identified by the given groupID</Abstract>
			<DeclaredIn>MendeleyKit.h</DeclaredIn>
			
			<Declaration>- (void)groupWithGroupID:(NSString *)groupID completionBlock:(MendeleyObjectCompletionBlock)completionBlock</Declaration>
			<Parameters>
				<Parameter>
					<Name>groupID</Name>
					<Abstract type="html">the group UUID</Abstract>
				</Parameter><Parameter>
					<Name>completionBlock</Name>
					<Abstract type="html">the group</Abstract>
				</Parameter>
			</Parameters>
			
			<Anchor>//api/name/groupWithGroupID:completionBlock:</Anchor>
            <NodeRef refid="17"/>
		</Token>
		
		<Token>
			<TokenIdentifier>//apple_ref/occ/instm/MendeleyKit/annotationWithAnnotationID:completionBlock:</TokenIdentifier>
			<Abstract type="html">   Obtain details for the annotation identified by the given annotationID</Abstract>
			<DeclaredIn>MendeleyKit.h</DeclaredIn>
			
			<Declaration>- (void)annotationWithAnnotationID:(NSString *)annotationID completionBlock:(MendeleyObjectCompletionBlock)completionBlock</Declaration>
			<Parameters>
				<Parameter>
					<Name>annotationID</Name>
					<Abstract type="html">the annotation UUID</Abstract>
				</Parameter><Parameter>
					<Name>completionBlock</Name>
					<Abstract type="html">the found annotation object</Abstract>
				</Parameter>
			</Parameters>
			
			<Anchor>//api/name/annotationWithAnnotationID:completionBlock:</Anchor>
            <NodeRef refid="17"/>
		</Token>
		
		<Token>
			<TokenIdentifier>//apple_ref/occ/instm/MendeleyKit/deleteAnnotationWithID:completionBlock:</TokenIdentifier>
			<Abstract type="html">   Delete the annotation identified by the given annotationID</Abstract>
			<DeclaredIn>MendeleyKit.h</DeclaredIn>
			
			<Declaration>- (void)deleteAnnotationWithID:(NSString *)annotationID completionBlock:(MendeleyCompletionBlock)completionBlock</Declaration>
			<Parameters>
				<Parameter>
					<Name>annotationID</Name>
					<Abstract type="html">the annotation UUID</Abstract>
				</Parameter><Parameter>
					<Name>completionBlock</Name>
					<Abstract type="html">the success/failure block</Abstract>
				</Parameter>
			</Parameters>
			
			<Anchor>//api/name/deleteAnnotationWithID:completionBlock:</Anchor>
            <NodeRef refid="17"/>
		</Token>
		
		<Token>
			<TokenIdentifier>//apple_ref/occ/instm/MendeleyKit/updateAnnotation:completionBlock:</TokenIdentifier>
			<Abstract type="html">   Update the annotation identified by the given annotationID with the given updateMendeleyAnnotation</Abstract>
			<DeclaredIn>MendeleyKit.h</DeclaredIn>
			
			<Declaration>- (void)updateAnnotation:(MendeleyAnnotation *)updatedMendeleyAnnotation completionBlock:(MendeleyObjectCompletionBlock)completionBlock</Declaration>
			<Parameters>
				<Parameter>
					<Name>updatedMendeleyAnnotation</Name>
					<Abstract type="html">the updated annotation object</Abstract>
				</Parameter><Parameter>
					<Name>completionBlock</Name>
					<Abstract type="html">the updated annotation object from the server</Abstract>
				</Parameter>
			</Parameters>
			
			<Anchor>//api/name/updateAnnotation:completionBlock:</Anchor>
            <NodeRef refid="17"/>
		</Token>
		
		<Token>
			<TokenIdentifier>//apple_ref/occ/instm/MendeleyKit/createAnnotation:completionBlock:</TokenIdentifier>
			<Abstract type="html">   Create an annotation composed by the parameters of the given mendeletAnnotation</Abstract>
			<DeclaredIn>MendeleyKit.h</DeclaredIn>
			
			<Declaration>- (void)createAnnotation:(MendeleyAnnotation *)mendeleyAnnotation completionBlock:(MendeleyObjectCompletionBlock)completionBlock</Declaration>
			<Parameters>
				<Parameter>
					<Name>mendeleyAnnotation</Name>
					<Abstract type="html">the annotation to be created on the server</Abstract>
				</Parameter><Parameter>
					<Name>completionBlock</Name>
					<Abstract type="html">returns the created annotation with UUID</Abstract>
				</Parameter>
			</Parameters>
			
			<Anchor>//api/name/createAnnotation:completionBlock:</Anchor>
            <NodeRef refid="17"/>
		</Token>
		
		<Token>
			<TokenIdentifier>//apple_ref/occ/instm/MendeleyKit/annotationListWithLinkedURL:completionBlock:</TokenIdentifier>
			<Abstract type="html">   a speficic page/download link for getting annotations.</Abstract>
			<DeclaredIn>MendeleyKit.h</DeclaredIn>
			
			<Declaration>- (void)annotationListWithLinkedURL:(NSURL *)linkURL completionBlock:(MendeleyArrayCompletionBlock)completionBlock</Declaration>
			<Parameters>
				<Parameter>
					<Name>linkURL</Name>
					<Abstract type="html">the link to be used for obtaining annotations in a paged manner</Abstract>
				</Parameter><Parameter>
					<Name>completionBlock</Name>
					<Abstract type="html">the list of annotations</Abstract>
				</Parameter>
			</Parameters>
			
			<Anchor>//api/name/annotationListWithLinkedURL:completionBlock:</Anchor>
            <NodeRef refid="17"/>
		</Token>
		
		<Token>
			<TokenIdentifier>//apple_ref/occ/instm/MendeleyKit/annotationListWithQueryParameters:completionBlock:</TokenIdentifier>
			<Abstract type="html">   Obtain a list of annotations. This is for the first call to getting a list of annotations.
   The queryParameters should contain the limit of the page size</Abstract>
			<DeclaredIn>MendeleyKit.h</DeclaredIn>
			
			<Declaration>- (void)annotationListWithQueryParameters:(MendeleyAnnotationParameters *)queryParameters completionBlock:(MendeleyArrayCompletionBlock)completionBlock</Declaration>
			<Parameters>
				<Parameter>
					<Name>queryParameters</Name>
					<Abstract type="html">the parameters to be used in the request</Abstract>
				</Parameter><Parameter>
					<Name>completionBlock</Name>
					<Abstract type="html">the list of annotations</Abstract>
				</Parameter>
			</Parameters>
			
			<Anchor>//api/name/annotationListWithQueryParameters:completionBlock:</Anchor>
            <NodeRef refid="17"/>
		</Token>
		
		<Token>
			<TokenIdentifier>//apple_ref/occ/instm/MendeleyKit/cancelTask:completionBlock:</TokenIdentifier>
			<Abstract type="html">   cancels a specific MendeleyTask</Abstract>
			<DeclaredIn>MendeleyKit.h</DeclaredIn>
			
			<Declaration>- (void)cancelTask:(MendeleyTask *)task completionBlock:(MendeleyCompletionBlock)completionBlock</Declaration>
			<Parameters>
				<Parameter>
					<Name>task</Name>
					<Abstract type="html">the mendeley network task</Abstract>
				</Parameter><Parameter>
					<Name>completionBlock</Name>
					<Abstract type="html">the success/failure block</Abstract>
				</Parameter>
			</Parameters>
			
			<Anchor>//api/name/cancelTask:completionBlock:</Anchor>
            <NodeRef refid="17"/>
		</Token>
		
		<Token>
			<TokenIdentifier>//apple_ref/occ/instm/MendeleyKit/cancelAllTasks:</TokenIdentifier>
			<Abstract type="html">   cancels ALL existing tasks</Abstract>
			<DeclaredIn>MendeleyKit.h</DeclaredIn>
			
			<Declaration>- (void)cancelAllTasks:(MendeleyCompletionBlock)completionBlock</Declaration>
			<Parameters>
				<Parameter>
					<Name>completionBlock</Name>
					<Abstract type="html">the success/failure block</Abstract>
				</Parameter>
			</Parameters>
			
			<Anchor>//api/name/cancelAllTasks:</Anchor>
            <NodeRef refid="17"/>
		</Token>
		
        
        
	</File>
</Tokens>