<?xml version="1.0" encoding="UTF-8"?>
<Tokens version="1.0">
	<File path="Classes/MendeleyDownloadHelper.html">
		
		<Token>
			<TokenIdentifier>//apple_ref/occ/cl/MendeleyDownloadHelper</TokenIdentifier>
			<Abstract type="html"></Abstract>
			<DeclaredIn>MendeleyDownloadHelper.h</DeclaredIn>
            
			
			<NodeRef refid="14"/>
		</Token>
		
		
		<Token>
			<TokenIdentifier>//apple_ref/occ/instm/MendeleyDownloadHelper/URLSession:downloadTask:didWriteData:totalBytesWritten:totalBytesExpectedToWrite:</TokenIdentifier>
			<Abstract type="html">   This method is used to provide progress feedback for download tasks
   @param session
   @param downloadTask
   @param bytesWritten
   @param totalBytesWritten
   @param totalBytesExpectedToWrite</Abstract>
			<DeclaredIn>MendeleyDownloadHelper.h</DeclaredIn>
			
			<Declaration>- (void)URLSession:(NSURLSession *)session downloadTask:(MendeleyNetworkDownloadTask *)downloadTask didWriteData:(int64_t)bytesWritten totalBytesWritten:(int64_t)totalBytesWritten totalBytesExpectedToWrite:(int64_t)totalBytesExpectedToWrite</Declaration>
			
			
			<Anchor>//api/name/URLSession:downloadTask:didWriteData:totalBytesWritten:totalBytesExpectedToWrite:</Anchor>
            <NodeRef refid="14"/>
		</Token>
		
		<Token>
			<TokenIdentifier>//apple_ref/occ/instm/MendeleyDownloadHelper/URLSession:downloadTask:didFinishDownloadingToURL:</TokenIdentifier>
			<Abstract type="html">   this method notifies when the download terminates
   @param session
   @param downloadTask
   @param location</Abstract>
			<DeclaredIn>MendeleyDownloadHelper.h</DeclaredIn>
			
			<Declaration>- (void)URLSession:(NSURLSession *)session downloadTask:(MendeleyNetworkDownloadTask *)downloadTask didFinishDownloadingToURL:(NSURL *)location</Declaration>
			
			
			<Anchor>//api/name/URLSession:downloadTask:didFinishDownloadingToURL:</Anchor>
            <NodeRef refid="14"/>
		</Token>
		
        
        
	</File>
</Tokens>