<?xml version="1.0" encoding="UTF-8"?>
<Tokens version="1.0">
	<File path="Protocols/MendeleyNetworkProvider.html">
		
		<Token>
			<TokenIdentifier>//apple_ref/occ/intf/MendeleyNetworkProvider</TokenIdentifier>
			<Abstract type="html"></Abstract>
			<DeclaredIn>MendeleyNetworkProvider.h</DeclaredIn>
            
			
			<NodeRef refid="48"/>
		</Token>
		
		
		<Token>
			<TokenIdentifier>//apple_ref/occ/intfm/MendeleyNetworkProvider/invokeDownloadToFileURL:baseURL:api:additionalHeaders:queryParameters:authenticationRequired:progressBlock:completionBlock:</TokenIdentifier>
			<Abstract type="html">   this method will GET HTTP method to download data from the server
   @param fileURL
   @param baseURL
   @param api</Abstract>
			<DeclaredIn>MendeleyNetworkProvider.h</DeclaredIn>
			
			<Declaration>- (MendeleyTask *)invokeDownloadToFileURL:(NSURL *)fileURL baseURL:(NSURL *)baseURL api:(NSString *)api additionalHeaders:(NSDictionary *)additionalHeaders queryParameters:(NSDictionary *)queryParameters authenticationRequired:(BOOL)authenticationRequired progressBlock:(MendeleyResponseProgressBlock)progressBlock completionBlock:(MendeleyResponseCompletionBlock)completionBlock</Declaration>
			<Parameters>
				<Parameter>
					<Name>additionalHeaders</Name>
					<Abstract type="html">any additional headers to be used in the request</Abstract>
				</Parameter><Parameter>
					<Name>queryParameters</Name>
					<Abstract type="html">this will be a set of query parameters
   @param authenticationRequired
   @param progressBlock
   @param completionBlock</Abstract>
				</Parameter>
			</Parameters>
			<ReturnValue><Abstract type="html">a cancellable request</Abstract></ReturnValue>
			<Anchor>//api/name/invokeDownloadToFileURL:baseURL:api:additionalHeaders:queryParameters:authenticationRequired:progressBlock:completionBlock:</Anchor>
            <NodeRef refid="48"/>
		</Token>
		
		<Token>
			<TokenIdentifier>//apple_ref/occ/intfm/MendeleyNetworkProvider/invokeUploadForFileURL:baseURL:api:additionalHeaders:authenticationRequired:progressBlock:completionBlock:</TokenIdentifier>
			<Abstract type="html">   uploading files method
   @param fileURL
   @param baseURL
   @param api</Abstract>
			<DeclaredIn>MendeleyNetworkProvider.h</DeclaredIn>
			
			<Declaration>- (MendeleyTask *)invokeUploadForFileURL:(NSURL *)fileURL baseURL:(NSURL *)baseURL api:(NSString *)api additionalHeaders:(NSDictionary *)additionalHeaders authenticationRequired:(BOOL)authenticationRequired progressBlock:(MendeleyResponseProgressBlock)progressBlock completionBlock:(MendeleyResponseCompletionBlock)completionBlock</Declaration>
			<Parameters>
				<Parameter>
					<Name>additionalHeaders</Name>
					<Abstract type="html">any additional headers to be used in the request
   @param progressBlock
   @param completionBlock</Abstract>
				</Parameter>
			</Parameters>
			<ReturnValue><Abstract type="html">a cancellable request</Abstract></ReturnValue>
			<Anchor>//api/name/invokeUploadForFileURL:baseURL:api:additionalHeaders:authenticationRequired:progressBlock:completionBlock:</Anchor>
            <NodeRef refid="48"/>
		</Token>
		
		<Token>
			<TokenIdentifier>//apple_ref/occ/intfm/MendeleyNetworkProvider/invokeGET:additionalHeaders:queryParameters:authenticationRequired:completionBlock:</TokenIdentifier>
			<Abstract type="html">   this method will GET HTTP method to download data from the server based on a
   complete link URL
   This method assumes that authentication is required
   @param linkURL
   @param api</Abstract>
			<DeclaredIn>MendeleyNetworkProvider.h</DeclaredIn>
			
			<Declaration>- (MendeleyTask *)invokeGET:(NSURL *)linkURL additionalHeaders:(NSDictionary *)additionalHeaders queryParameters:(NSDictionary *)queryParameters authenticationRequired:(BOOL)authenticationRequired completionBlock:(MendeleyResponseCompletionBlock)completionBlock</Declaration>
			<Parameters>
				<Parameter>
					<Name>additionalHeaders</Name>
					<Abstract type="html">any additional headers to be used in the request</Abstract>
				</Parameter><Parameter>
					<Name>queryParameters</Name>
					<Abstract type="html">this will be a set of query parameters
   @param completionBlock</Abstract>
				</Parameter>
			</Parameters>
			<ReturnValue><Abstract type="html">a cancellable request</Abstract></ReturnValue>
			<Anchor>//api/name/invokeGET:additionalHeaders:queryParameters:authenticationRequired:completionBlock:</Anchor>
            <NodeRef refid="48"/>
		</Token>
		
		<Token>
			<TokenIdentifier>//apple_ref/occ/intfm/MendeleyNetworkProvider/invokeGET:api:additionalHeaders:queryParameters:authenticationRequired:completionBlock:</TokenIdentifier>
			<Abstract type="html">   this method will GET HTTP method to download data from the server
   @param baseURL
   @param api</Abstract>
			<DeclaredIn>MendeleyNetworkProvider.h</DeclaredIn>
			
			<Declaration>- (MendeleyTask *)invokeGET:(NSURL *)baseURL api:(NSString *)api additionalHeaders:(NSDictionary *)additionalHeaders queryParameters:(NSDictionary *)queryParameters authenticationRequired:(BOOL)authenticationRequired completionBlock:(MendeleyResponseCompletionBlock)completionBlock</Declaration>
			<Parameters>
				<Parameter>
					<Name>additionalHeaders</Name>
					<Abstract type="html">any additional headers to be used in the request</Abstract>
				</Parameter><Parameter>
					<Name>queryParameters</Name>
					<Abstract type="html">this will be a set of query parameters</Abstract>
				</Parameter><Parameter>
					<Name>authenticationRequired</Name>
					<Abstract type="html">- some GET methods may not require authentication
   @param completionBlock</Abstract>
				</Parameter>
			</Parameters>
			<ReturnValue><Abstract type="html">a cancellable request</Abstract></ReturnValue>
			<Anchor>//api/name/invokeGET:api:additionalHeaders:queryParameters:authenticationRequired:completionBlock:</Anchor>
            <NodeRef refid="48"/>
		</Token>
		
		<Token>
			<TokenIdentifier>//apple_ref/occ/intfm/MendeleyNetworkProvider/invokePUT:api:additionalHeaders:bodyParameters:authenticationRequired:completionBlock:</TokenIdentifier>
			<Abstract type="html">   this method will PUT HTTP method to upload &amp;amp; update data to the server.
   Used to update existing data on the server. All PUT methods are assumed to require authentication
   @param baseURL
   @param api</Abstract>
			<DeclaredIn>MendeleyNetworkProvider.h</DeclaredIn>
			
			<Declaration>- (MendeleyTask *)invokePUT:(NSURL *)baseURL api:(NSString *)api additionalHeaders:(NSDictionary *)additionalHeaders bodyParameters:(NSDictionary *)bodyParameters authenticationRequired:(BOOL)authenticationRequired completionBlock:(MendeleyResponseCompletionBlock)completionBlock</Declaration>
			<Parameters>
				<Parameter>
					<Name>additionalHeaders</Name>
					<Abstract type="html">any additional headers to be used in the request
   @param bodyParameters
   @param completionBlock</Abstract>
				</Parameter>
			</Parameters>
			<ReturnValue><Abstract type="html">a cancellable request</Abstract></ReturnValue>
			<Anchor>//api/name/invokePUT:api:additionalHeaders:bodyParameters:authenticationRequired:completionBlock:</Anchor>
            <NodeRef refid="48"/>
		</Token>
		
		<Token>
			<TokenIdentifier>//apple_ref/occ/intfm/MendeleyNetworkProvider/invokePOST:api:additionalHeaders:bodyParameters:isJSON:authenticationRequired:completionBlock:</TokenIdentifier>
			<Abstract type="html">   this method will POST HTTP method to upload data to the server.
    Use this to store data on the server.
   @param baseURL
   @param api</Abstract>
			<DeclaredIn>MendeleyNetworkProvider.h</DeclaredIn>
			
			<Declaration>- (MendeleyTask *)invokePOST:(NSURL *)baseURL api:(NSString *)api additionalHeaders:(NSDictionary *)additionalHeaders bodyParameters:(NSDictionary *)bodyParameters isJSON:(BOOL)isJSON authenticationRequired:(BOOL)authenticationRequired completionBlock:(MendeleyResponseCompletionBlock)completionBlock</Declaration>
			<Parameters>
				<Parameter>
					<Name>additionalHeaders</Name>
					<Abstract type="html">any additional headers to be used in the request</Abstract>
				</Parameter><Parameter>
					<Name>bodyParameters</Name>
					<Abstract type="html">a body consisting of NSString based key-value pairs
   @param usesAuthentication
   @param isJSON
   @param completionBlock</Abstract>
				</Parameter>
			</Parameters>
			<ReturnValue><Abstract type="html">a cancellable request</Abstract></ReturnValue>
			<Anchor>//api/name/invokePOST:api:additionalHeaders:bodyParameters:isJSON:authenticationRequired:completionBlock:</Anchor>
            <NodeRef refid="48"/>
		</Token>
		
		<Token>
			<TokenIdentifier>//apple_ref/occ/intfm/MendeleyNetworkProvider/invokePOST:api:additionalHeaders:jsonData:authenticationRequired:completionBlock:</TokenIdentifier>
			<Abstract type="html">   this method will POST HTTP method to upload data to the server.
   Use this to store data on the server. All POST requests are assumed to require authentication
   @param baseURL
   @param api</Abstract>
			<DeclaredIn>MendeleyNetworkProvider.h</DeclaredIn>
			
			<Declaration>- (MendeleyTask *)invokePOST:(NSURL *)baseURL api:(NSString *)api additionalHeaders:(NSDictionary *)additionalHeaders jsonData:(NSData *)jsonData authenticationRequired:(BOOL)authenticationRequired completionBlock:(MendeleyResponseCompletionBlock)completionBlock</Declaration>
			<Parameters>
				<Parameter>
					<Name>additionalHeaders</Name>
					<Abstract type="html">any additional headers to be used in the request
   @param jsonData
   @param completionBlock</Abstract>
				</Parameter>
			</Parameters>
			<ReturnValue><Abstract type="html">a cancellable request</Abstract></ReturnValue>
			<Anchor>//api/name/invokePOST:api:additionalHeaders:jsonData:authenticationRequired:completionBlock:</Anchor>
            <NodeRef refid="48"/>
		</Token>
		
		<Token>
			<TokenIdentifier>//apple_ref/occ/intfm/MendeleyNetworkProvider/invokeDELETE:api:additionalHeaders:bodyParameters:authenticationRequired:completionBlock:</TokenIdentifier>
			<Abstract type="html">   this method will create a DELETE HTTP request.
   Use this to store data on the server.
   Delete methods require authentication
   @param baseURL
   @param api
   @param completionBlock</Abstract>
			<DeclaredIn>MendeleyNetworkProvider.h</DeclaredIn>
			
			<Declaration>- (MendeleyTask *)invokeDELETE:(NSURL *)baseURL api:(NSString *)api additionalHeaders:(NSDictionary *)additionalHeaders bodyParameters:(NSDictionary *)bodyParameters authenticationRequired:(BOOL)authenticationRequired completionBlock:(MendeleyResponseCompletionBlock)completionBlock</Declaration>
			
			<ReturnValue><Abstract type="html">a cancellable request</Abstract></ReturnValue>
			<Anchor>//api/name/invokeDELETE:api:additionalHeaders:bodyParameters:authenticationRequired:completionBlock:</Anchor>
            <NodeRef refid="48"/>
		</Token>
		
		<Token>
			<TokenIdentifier>//apple_ref/occ/intfm/MendeleyNetworkProvider/invokePATCH:api:additionalHeaders:bodyParameters:authenticationRequired:completionBlock:</TokenIdentifier>
			<Abstract type="html">   this method will create a PATCH HTTP request.
   Use this to store data on the server
   @param baseURL
   @param api</Abstract>
			<DeclaredIn>MendeleyNetworkProvider.h</DeclaredIn>
			
			<Declaration>- (MendeleyTask *)invokePATCH:(NSURL *)baseURL api:(NSString *)api additionalHeaders:(NSDictionary *)additionalHeaders bodyParameters:(NSDictionary *)bodyParameters authenticationRequired:(BOOL)authenticationRequired completionBlock:(MendeleyResponseCompletionBlock)completionBlock</Declaration>
			<Parameters>
				<Parameter>
					<Name>additionalHeaders</Name>
					<Abstract type="html">any additional headers to be used in the request
   @param bodyParameters
   @param completionBlock</Abstract>
				</Parameter>
			</Parameters>
			<ReturnValue><Abstract type="html">a cancellable request</Abstract></ReturnValue>
			<Anchor>//api/name/invokePATCH:api:additionalHeaders:bodyParameters:authenticationRequired:completionBlock:</Anchor>
            <NodeRef refid="48"/>
		</Token>
		
		<Token>
			<TokenIdentifier>//apple_ref/occ/intfm/MendeleyNetworkProvider/invokePATCH:api:additionalHeaders:jsonData:authenticationRequired:completionBlock:</TokenIdentifier>
			<Abstract type="html">   this method will create a PATCH HTTP request.
   Use this to update data on the server
   @param baseURL
   @param api</Abstract>
			<DeclaredIn>MendeleyNetworkProvider.h</DeclaredIn>
			
			<Declaration>- (MendeleyTask *)invokePATCH:(NSURL *)baseURL api:(NSString *)api additionalHeaders:(NSDictionary *)additionalHeaders jsonData:(NSData *)jsonData authenticationRequired:(BOOL)authenticationRequired completionBlock:(MendeleyResponseCompletionBlock)completionBlock</Declaration>
			<Parameters>
				<Parameter>
					<Name>additionalHeaders</Name>
					<Abstract type="html">any additional headers to be used in the request
   @param jsonData
   @param completionBlock</Abstract>
				</Parameter>
			</Parameters>
			<ReturnValue><Abstract type="html">a cancellable request</Abstract></ReturnValue>
			<Anchor>//api/name/invokePATCH:api:additionalHeaders:jsonData:authenticationRequired:completionBlock:</Anchor>
            <NodeRef refid="48"/>
		</Token>
		
		<Token>
			<TokenIdentifier>//apple_ref/occ/intfm/MendeleyNetworkProvider/invokeHEAD:api:authenticationRequired:completionBlock:</TokenIdentifier>
			<Abstract type="html">   this method will create a HEAD request.
   @param baseURL
   @param api
   @param completionBlock</Abstract>
			<DeclaredIn>MendeleyNetworkProvider.h</DeclaredIn>
			
			<Declaration>- (MendeleyTask *)invokeHEAD:(NSURL *)baseURL api:(NSString *)api authenticationRequired:(BOOL)authenticationRequired completionBlock:(MendeleyResponseCompletionBlock)completionBlock</Declaration>
			
			
			<Anchor>//api/name/invokeHEAD:api:authenticationRequired:completionBlock:</Anchor>
            <NodeRef refid="48"/>
		</Token>
		
		<Token>
			<TokenIdentifier>//apple_ref/occ/intfm/MendeleyNetworkProvider/cancelTask:completionBlock:</TokenIdentifier>
			<Abstract type="html">   cancels a specific MendeleyTask
   @param task
   @param completionBlock</Abstract>
			<DeclaredIn>MendeleyNetworkProvider.h</DeclaredIn>
			
			<Declaration>- (void)cancelTask:(MendeleyTask *)task completionBlock:(MendeleyCompletionBlock)completionBlock</Declaration>
			
			
			<Anchor>//api/name/cancelTask:completionBlock:</Anchor>
            <NodeRef refid="48"/>
		</Token>
		
		<Token>
			<TokenIdentifier>//apple_ref/occ/intfm/MendeleyNetworkProvider/cancelAllTasks:</TokenIdentifier>
			<Abstract type="html">   cancels ALL existing tasks
   @param completionBlock</Abstract>
			<DeclaredIn>MendeleyNetworkProvider.h</DeclaredIn>
			
			<Declaration>- (void)cancelAllTasks:(MendeleyCompletionBlock)completionBlock</Declaration>
			
			
			<Anchor>//api/name/cancelAllTasks:</Anchor>
            <NodeRef refid="48"/>
		</Token>
		
        
        
	</File>
</Tokens>