<?xml version="1.0" encoding="UTF-8"?>
<Tokens version="1.0">
	<File path="Classes/MendeleyDisciplinesAPI.html">
		
		<Token>
			<TokenIdentifier>//apple_ref/occ/cl/MendeleyDisciplinesAPI</TokenIdentifier>
			<Abstract type="html"></Abstract>
			<DeclaredIn>MendeleyDisciplinesAPI.h</DeclaredIn>
            
			
			<NodeRef refid="10"/>
		</Token>
		
		
		<Token>
			<TokenIdentifier>//apple_ref/occ/instm/MendeleyDisciplinesAPI/disciplinesWithTask:completionBlock:</TokenIdentifier>
			<Abstract type="html">   This method gets all registered Mendeley disciplines (and their subdisciplines)</Abstract>
			<DeclaredIn>MendeleyDisciplinesAPI.h</DeclaredIn>
			
			<Declaration>- (void)disciplinesWithTask:(MendeleyTask *)task completionBlock:(MendeleyArrayCompletionBlock)completionBlock</Declaration>
			<Parameters>
				<Parameter>
					<Name>task</Name>
					<Abstract type="html">the cancellable MendeleyTask</Abstract>
				</Parameter><Parameter>
					<Name>completionBlock</Name>
					<Abstract type="html">will return an array of MendeleyDiscipline objects</Abstract>
				</Parameter>
			</Parameters>
			
			<Anchor>//api/name/disciplinesWithTask:completionBlock:</Anchor>
            <NodeRef refid="10"/>
		</Token>
		
        
        
	</File>
</Tokens>