<?xml version="1.0" encoding="UTF-8"?>
<Tokens version="1.0">
	<File path="Constants/MendeleyResponseBodyContentType.html">
		
		<Token>
			<TokenIdentifier>//apple_ref/c/tdef/MendeleyResponseBodyContentType</TokenIdentifier>
			<Abstract type="html"></Abstract>
			<DeclaredIn>MendeleyGlobals.h</DeclaredIn>
            
			
			<NodeRef refid="65"/>
		</Token>
		
		
        
        <Token>
            <TokenIdentifier>//apple_ref/c/econst/JSONBody</TokenIdentifier>
            <Abstract type="html"></Abstract>
            <Declaration>JSONBody</Declaration>
            
            <DeclaredIn>MendeleyGlobals.h</DeclaredIn>
            
            <NodeRef refid="65"/>
        </Token>
        
        <Token>
            <TokenIdentifier>//apple_ref/c/econst/PDFBody</TokenIdentifier>
            <Abstract type="html"></Abstract>
            <Declaration>PDFBody</Declaration>
            
            <DeclaredIn>MendeleyGlobals.h</DeclaredIn>
            
            <NodeRef refid="65"/>
        </Token>
        
        <Token>
            <TokenIdentifier>//apple_ref/c/econst/JPGBody</TokenIdentifier>
            <Abstract type="html"></Abstract>
            <Declaration>JPGBody</Declaration>
            
            <DeclaredIn>MendeleyGlobals.h</DeclaredIn>
            
            <NodeRef refid="65"/>
        </Token>
        
        <Token>
            <TokenIdentifier>//apple_ref/c/econst/PNGBody</TokenIdentifier>
            <Abstract type="html"></Abstract>
            <Declaration>PNGBody</Declaration>
            
            <DeclaredIn>MendeleyGlobals.h</DeclaredIn>
            
            <NodeRef refid="65"/>
        </Token>
        
        <Token>
            <TokenIdentifier>//apple_ref/c/econst/BinaryBody</TokenIdentifier>
            <Abstract type="html"></Abstract>
            <Declaration>BinaryBody</Declaration>
            
            <DeclaredIn>MendeleyGlobals.h</DeclaredIn>
            
            <NodeRef refid="65"/>
        </Token>
        
        <Token>
            <TokenIdentifier>//apple_ref/c/econst/UnknownBody</TokenIdentifier>
            <Abstract type="html"></Abstract>
            <Declaration>UnknownBody</Declaration>
            
            <DeclaredIn>MendeleyGlobals.h</DeclaredIn>
            
            <NodeRef refid="65"/>
        </Token>
        
        
	</File>
</Tokens>