<?xml version="1.0" encoding="UTF-8"?>
<Tokens version="1.0">
	<File path="Classes/MendeleyDefaultOAuthProvider.html">
		
		<Token>
			<TokenIdentifier>//apple_ref/occ/cl/MendeleyDefaultOAuthProvider</TokenIdentifier>
			<Abstract type="html"></Abstract>
			<DeclaredIn>MendeleyDefaultOAuthProvider.h</DeclaredIn>
            
			
			<NodeRef refid="9"/>
		</Token>
		
		
		<Token>
			<TokenIdentifier>//apple_ref/occ/clm/MendeleyDefaultOAuthProvider/sharedInstance</TokenIdentifier>
			<Abstract type="html">   returns a singleton OAuth Provider instance</Abstract>
			<DeclaredIn>MendeleyDefaultOAuthProvider.h</DeclaredIn>
			
			<Declaration>+ (MendeleyDefaultOAuthProvider *)sharedInstance</Declaration>
			
			
			<Anchor>//api/name/sharedInstance</Anchor>
            <NodeRef refid="9"/>
		</Token>
		
        
        
	</File>
</Tokens>