<?xml version="1.0" encoding="UTF-8"?>
<Tokens version="1.0">
	<File path="Classes/MendeleyProfilesAPI.html">
		
		<Token>
			<TokenIdentifier>//apple_ref/occ/cl/MendeleyProfilesAPI</TokenIdentifier>
			<Abstract type="html"></Abstract>
			<DeclaredIn>MendeleyProfilesAPI.h</DeclaredIn>
            
			
			<NodeRef refid="43"/>
		</Token>
		
		
		<Token>
			<TokenIdentifier>//apple_ref/occ/instm/MendeleyProfilesAPI/pullMyProfileWithTask:completionBlock:</TokenIdentifier>
			<Abstract type="html">   Pulls the users profile
   @param task
   @param completionBlock</Abstract>
			<DeclaredIn>MendeleyProfilesAPI.h</DeclaredIn>
			
			<Declaration>- (void)pullMyProfileWithTask:(MendeleyTask *)task completionBlock:(MendeleyObjectCompletionBlock)completionBlock</Declaration>
			
			
			<Anchor>//api/name/pullMyProfileWithTask:completionBlock:</Anchor>
            <NodeRef refid="43"/>
		</Token>
		
		<Token>
			<TokenIdentifier>//apple_ref/occ/instm/MendeleyProfilesAPI/pullProfile:task:completionBlock:</TokenIdentifier>
			<Abstract type="html">   Pulls the profile of a user with a given ID
   @param profileID
   @param task
   @param completionBlock</Abstract>
			<DeclaredIn>MendeleyProfilesAPI.h</DeclaredIn>
			
			<Declaration>- (void)pullProfile:(NSString *)profileID task:(MendeleyTask *)task completionBlock:(MendeleyObjectCompletionBlock)completionBlock</Declaration>
			
			
			<Anchor>//api/name/pullProfile:task:completionBlock:</Anchor>
            <NodeRef refid="43"/>
		</Token>
		
		<Token>
			<TokenIdentifier>//apple_ref/occ/instm/MendeleyProfilesAPI/profileIconForProfile:iconType:task:completionBlock:</TokenIdentifier>
			<Abstract type="html">   Obtains a profile icon for a specified MendeleyProfile and icon type (maybe standard, square, original)
   @param profile
   @param iconType
   @param task</Abstract>
			<DeclaredIn>MendeleyProfilesAPI.h</DeclaredIn>
			
			<Declaration>- (void)profileIconForProfile:(MendeleyProfile *)profile iconType:(MendeleyIconType)iconType task:(MendeleyTask *)task completionBlock:(MendeleyBinaryDataCompletionBlock)completionBlock</Declaration>
			<Parameters>
				<Parameter>
					<Name>completionBlock</Name>
					<Abstract type="html">returning the image data as NSData</Abstract>
				</Parameter>
			</Parameters>
			
			<Anchor>//api/name/profileIconForProfile:iconType:task:completionBlock:</Anchor>
            <NodeRef refid="43"/>
		</Token>
		
		<Token>
			<TokenIdentifier>//apple_ref/occ/instm/MendeleyProfilesAPI/profileIconForIconURLString:task:completionBlock:</TokenIdentifier>
			<Abstract type="html">   Obtains a profile icon based on the given link URL string
   @param iconURLString
   @param task</Abstract>
			<DeclaredIn>MendeleyProfilesAPI.h</DeclaredIn>
			
			<Declaration>- (void)profileIconForIconURLString:(NSString *)iconURLString task:(MendeleyTask *)task completionBlock:(MendeleyBinaryDataCompletionBlock)completionBlock</Declaration>
			<Parameters>
				<Parameter>
					<Name>completionBlock</Name>
					<Abstract type="html">returning the image data as NSData</Abstract>
				</Parameter>
			</Parameters>
			
			<Anchor>//api/name/profileIconForIconURLString:task:completionBlock:</Anchor>
            <NodeRef refid="43"/>
		</Token>
		
		<Token>
			<TokenIdentifier>//apple_ref/occ/instm/MendeleyProfilesAPI/createProfile:task:completionBlock:</TokenIdentifier>
			<Abstract type="html">   Creates a new profile based on the MendeleyNewProfile argument passed in. The following properties MUST be
   provided to be able to create a new profile
   firstname, lastname, email, password, main discipline, academic status
   Note: the email MUST be unique</Abstract>
			<DeclaredIn>MendeleyProfilesAPI.h</DeclaredIn>
			
			<Declaration>- (void)createProfile:(MendeleyNewProfile *)profile task:(MendeleyTask *)task completionBlock:(MendeleyObjectCompletionBlock)completionBlock</Declaration>
			<Parameters>
				<Parameter>
					<Name>profile</Name>
					<Abstract type="html">- containing at least the 6 mandatory properties given above
   @param task</Abstract>
				</Parameter><Parameter>
					<Name>completionBlock</Name>
					<Abstract type="html">- the completionHandler.</Abstract>
				</Parameter>
			</Parameters>
			
			<Anchor>//api/name/createProfile:task:completionBlock:</Anchor>
            <NodeRef refid="43"/>
		</Token>
		
		<Token>
			<TokenIdentifier>//apple_ref/occ/instm/MendeleyProfilesAPI/updateMyProfile:task:completionBlock:</TokenIdentifier>
			<Abstract type="html">   Updates an existing user&apos;s profile based on the MendeleyAmendmentProfile argument passed in.
   If the user wants to update his password the following properties must be provided
   - password (i.e. the new password)
   - old_password (i.e the previous password to be replaced)</Abstract>
			<DeclaredIn>MendeleyProfilesAPI.h</DeclaredIn>
			
			<Declaration>- (void)updateMyProfile:(MendeleyAmendmentProfile *)myProfile task:(MendeleyTask *)task completionBlock:(MendeleyObjectCompletionBlock)completionBlock</Declaration>
			<Parameters>
				<Parameter>
					<Name>completionBlock</Name>
					<Abstract type="html">- the completionHandler.</Abstract>
				</Parameter><Parameter>
					<Name>profile</Name>
					<Abstract type="html">- the profile containing the updated parameters.
   @param task</Abstract>
				</Parameter>
			</Parameters>
			
			<Anchor>//api/name/updateMyProfile:task:completionBlock:</Anchor>
            <NodeRef refid="43"/>
		</Token>
		
        
        
	</File>
</Tokens>