<?xml version="1.0" encoding="UTF-8"?>
<Tokens version="1.0">
	<File path="Classes/MendeleyHighlightBox.html">
		
		<Token>
			<TokenIdentifier>//apple_ref/occ/cl/MendeleyHighlightBox</TokenIdentifier>
			<Abstract type="html"></Abstract>
			<DeclaredIn>MendeleyAnnotation.h</DeclaredIn>
            
			
			<NodeRef refid="17"/>
		</Token>
		
		
		<Token>
			<TokenIdentifier>//apple_ref/occ/clm/MendeleyHighlightBox/boxFromJSONParameters:error:</TokenIdentifier>
			<Abstract type="html">   Annotations store position details as a map with parameters such as top_left etc.
   This converts a JSON map containing position metadata into a MendeleyHighlightBox object
   @param boxParameters
   @param error</Abstract>
			<DeclaredIn>MendeleyAnnotation.h</DeclaredIn>
			
			<Declaration>+ (MendeleyHighlightBox *)boxFromJSONParameters:(NSDictionary *)boxParameters error:(NSError **)error</Declaration>
			
			<ReturnValue><Abstract type="html">a highlight box object</Abstract></ReturnValue>
			<Anchor>//api/name/boxFromJSONParameters:error:</Anchor>
            <NodeRef refid="17"/>
		</Token>
		
		<Token>
			<TokenIdentifier>//apple_ref/occ/clm/MendeleyHighlightBox/jsonBoxFromHighlightBox:error:</TokenIdentifier>
			<Abstract type="html">   converts a highlight box object back into a NSDictionary (JSON map)
   @param box
   @param error</Abstract>
			<DeclaredIn>MendeleyAnnotation.h</DeclaredIn>
			
			<Declaration>+ (NSDictionary *)jsonBoxFromHighlightBox:(MendeleyHighlightBox *)box error:(NSError **)error</Declaration>
			
			<ReturnValue><Abstract type="html">a map to be used in JSON</Abstract></ReturnValue>
			<Anchor>//api/name/jsonBoxFromHighlightBox:error:</Anchor>
            <NodeRef refid="17"/>
		</Token>
		
        
        
	</File>
</Tokens>