<?xml version="1.0" encoding="UTF-8"?>
<Tokens version="1.0">
	<File path="Classes/MendeleyFoldersAPI.html">
		
		<Token>
			<TokenIdentifier>//apple_ref/occ/cl/MendeleyFoldersAPI</TokenIdentifier>
			<Abstract type="html"></Abstract>
			<DeclaredIn>MendeleyFoldersAPI.h</DeclaredIn>
            
			
			<NodeRef refid="14"/>
		</Token>
		
		
		<Token>
			<TokenIdentifier>//apple_ref/occ/instm/MendeleyFoldersAPI/documentListFromFolderWithID:parameters:task:completionBlock:</TokenIdentifier>
			<Abstract type="html">   Obtain a list of documents belonging to a specific folder.
   @param folderID
   @param parameters
   @param task</Abstract>
			<DeclaredIn>MendeleyFoldersAPI.h</DeclaredIn>
			
			<Declaration>- (void)documentListFromFolderWithID:(NSString *)folderID parameters:(MendeleyFolderParameters *)parameters task:(MendeleyTask *)task completionBlock:(MendeleyArrayCompletionBlock)completionBlock</Declaration>
			<Parameters>
				<Parameter>
					<Name>completionBlock</Name>
					<Abstract type="html">- the array contained in the completionBlock will be an array of strings</Abstract>
				</Parameter>
			</Parameters>
			
			<Anchor>//api/name/documentListFromFolderWithID:parameters:task:completionBlock:</Anchor>
            <NodeRef refid="14"/>
		</Token>
		
		<Token>
			<TokenIdentifier>//apple_ref/occ/instm/MendeleyFoldersAPI/documentListInFolderWithLinkedURL:task:completionBlock:</TokenIdentifier>
			<Abstract type="html">   this is getting the list of document IDs in a paged form
   @param linkURL
   @param task</Abstract>
			<DeclaredIn>MendeleyFoldersAPI.h</DeclaredIn>
			
			<Declaration>- (void)documentListInFolderWithLinkedURL:(NSURL *)linkURL task:(MendeleyTask *)task completionBlock:(MendeleyArrayCompletionBlock)completionBlock</Declaration>
			<Parameters>
				<Parameter>
					<Name>completionBlock</Name>
					<Abstract type="html">- the array contained in the completionBlock will be an array of strings</Abstract>
				</Parameter>
			</Parameters>
			
			<Anchor>//api/name/documentListInFolderWithLinkedURL:task:completionBlock:</Anchor>
            <NodeRef refid="14"/>
		</Token>
		
		<Token>
			<TokenIdentifier>//apple_ref/occ/instm/MendeleyFoldersAPI/addDocument:folderID:task:completionBlock:</TokenIdentifier>
			<Abstract type="html">   Add a previously created document in a specific folder
   @param mendeleyDocumentId
   @param folderID
   @param task
   @param completionBlock</Abstract>
			<DeclaredIn>MendeleyFoldersAPI.h</DeclaredIn>
			
			<Declaration>- (void)addDocument:(NSString *)mendeleyDocumentId folderID:(NSString *)folderID task:(MendeleyTask *)task completionBlock:(MendeleyCompletionBlock)completionBlock</Declaration>
			
			
			<Anchor>//api/name/addDocument:folderID:task:completionBlock:</Anchor>
            <NodeRef refid="14"/>
		</Token>
		
		<Token>
			<TokenIdentifier>//apple_ref/occ/instm/MendeleyFoldersAPI/createFolder:task:completionBlock:</TokenIdentifier>
			<Abstract type="html">   Create a folder
   @param mendeleyFolder
   @param task
   @param completionBlock</Abstract>
			<DeclaredIn>MendeleyFoldersAPI.h</DeclaredIn>
			
			<Declaration>- (void)createFolder:(MendeleyFolder *)mendeleyFolder task:(MendeleyTask *)task completionBlock:(MendeleyObjectCompletionBlock)completionBlock</Declaration>
			
			
			<Anchor>//api/name/createFolder:task:completionBlock:</Anchor>
            <NodeRef refid="14"/>
		</Token>
		
		<Token>
			<TokenIdentifier>//apple_ref/occ/instm/MendeleyFoldersAPI/folderListWithLinkedURL:task:completionBlock:</TokenIdentifier>
			<Abstract type="html">   This method is only used when paging through a list of folders on the server.
   All required parameters are provided in the linkURL, which should not be modified</Abstract>
			<DeclaredIn>MendeleyFoldersAPI.h</DeclaredIn>
			
			<Declaration>- (void)folderListWithLinkedURL:(NSURL *)linkURL task:(MendeleyTask *)task completionBlock:(MendeleyArrayCompletionBlock)completionBlock</Declaration>
			<Parameters>
				<Parameter>
					<Name>linkURL</Name>
					<Abstract type="html">the full HTTP link to the document listings page
   @param task
   @param completionBlock</Abstract>
				</Parameter>
			</Parameters>
			
			<Anchor>//api/name/folderListWithLinkedURL:task:completionBlock:</Anchor>
            <NodeRef refid="14"/>
		</Token>
		
		<Token>
			<TokenIdentifier>//apple_ref/occ/instm/MendeleyFoldersAPI/folderListWithQueryParameters:task:completionBlock:</TokenIdentifier>
			<Abstract type="html">   Obtain a list of folders for the logged-in user
   @param queryParameters
   @param task
   @param completionBlock</Abstract>
			<DeclaredIn>MendeleyFoldersAPI.h</DeclaredIn>
			
			<Declaration>- (void)folderListWithQueryParameters:(MendeleyFolderParameters *)queryParameters task:(MendeleyTask *)task completionBlock:(MendeleyArrayCompletionBlock)completionBlock</Declaration>
			
			
			<Anchor>//api/name/folderListWithQueryParameters:task:completionBlock:</Anchor>
            <NodeRef refid="14"/>
		</Token>
		
		<Token>
			<TokenIdentifier>//apple_ref/occ/instm/MendeleyFoldersAPI/folderWithFolderID:task:completionBlock:</TokenIdentifier>
			<Abstract type="html">   Obtain a folder identified by the given folderID
   @param folderID
   @param task
   @param completionBlock</Abstract>
			<DeclaredIn>MendeleyFoldersAPI.h</DeclaredIn>
			
			<Declaration>- (void)folderWithFolderID:(NSString *)folderID task:(MendeleyTask *)task completionBlock:(MendeleyObjectCompletionBlock)completionBlock</Declaration>
			
			
			<Anchor>//api/name/folderWithFolderID:task:completionBlock:</Anchor>
            <NodeRef refid="14"/>
		</Token>
		
		<Token>
			<TokenIdentifier>//apple_ref/occ/instm/MendeleyFoldersAPI/deleteFolderWithID:task:completionBlock:</TokenIdentifier>
			<Abstract type="html">   Delete a folder identified by the given folderID
   @param folderID
   @param task
   @param completionBlock</Abstract>
			<DeclaredIn>MendeleyFoldersAPI.h</DeclaredIn>
			
			<Declaration>- (void)deleteFolderWithID:(NSString *)folderID task:(MendeleyTask *)task completionBlock:(MendeleyCompletionBlock)completionBlock</Declaration>
			
			
			<Anchor>//api/name/deleteFolderWithID:task:completionBlock:</Anchor>
            <NodeRef refid="14"/>
		</Token>
		
		<Token>
			<TokenIdentifier>//apple_ref/occ/instm/MendeleyFoldersAPI/updateFolder:task:completionBlock:</TokenIdentifier>
			<Abstract type="html">   Update a folder&apos;s name, or move it to a new parent
   @param updatedFolder
   @param task
   @param completionBlock</Abstract>
			<DeclaredIn>MendeleyFoldersAPI.h</DeclaredIn>
			
			<Declaration>- (void)updateFolder:(MendeleyFolder *)updatedFolder task:(MendeleyTask *)task completionBlock:(MendeleyCompletionBlock)completionBlock</Declaration>
			
			
			<Anchor>//api/name/updateFolder:task:completionBlock:</Anchor>
            <NodeRef refid="14"/>
		</Token>
		
		<Token>
			<TokenIdentifier>//apple_ref/occ/instm/MendeleyFoldersAPI/deleteDocumentWithID:fromFolderWithID:task:completionBlock:</TokenIdentifier>
			<Abstract type="html">   Delete a document identified by the given documentID and belonging to a folder identified by the given folderID
   @param documentID
   @param folderID
   @param task
   @param completionBlock</Abstract>
			<DeclaredIn>MendeleyFoldersAPI.h</DeclaredIn>
			
			<Declaration>- (void)deleteDocumentWithID:(NSString *)documentID fromFolderWithID:(NSString *)folderID task:(MendeleyTask *)task completionBlock:(MendeleyCompletionBlock)completionBlock</Declaration>
			
			
			<Anchor>//api/name/deleteDocumentWithID:fromFolderWithID:task:completionBlock:</Anchor>
            <NodeRef refid="14"/>
		</Token>
		
        
        
	</File>
</Tokens>