<?xml version="1.0" encoding="UTF-8"?>
<Tokens version="1.0">
	<File path="Classes/MendeleyBlockExecutor.html">
		
		<Token>
			<TokenIdentifier>//apple_ref/occ/cl/MendeleyBlockExecutor</TokenIdentifier>
			<Abstract type="html"></Abstract>
			<DeclaredIn>MendeleyBlockExecutor.h</DeclaredIn>
            
			
			<NodeRef refid="5"/>
		</Token>
		
		
		<Token>
			<TokenIdentifier>//apple_ref/occ/instm/MendeleyBlockExecutor/initWithArrayCompletionBlock:</TokenIdentifier>
			<Abstract type="html">   @param arrayCompletionBlock</Abstract>
			<DeclaredIn>MendeleyBlockExecutor.h</DeclaredIn>
			
			<Declaration>- (instancetype)initWithArrayCompletionBlock:(MendeleyArrayCompletionBlock)arrayCompletionBlock</Declaration>
			
			
			<Anchor>//api/name/initWithArrayCompletionBlock:</Anchor>
            <NodeRef refid="5"/>
		</Token>
		
		<Token>
			<TokenIdentifier>//apple_ref/occ/instm/MendeleyBlockExecutor/initWithStringArrayCompletionBlock:</TokenIdentifier>
			<Abstract type="html">   @param stringArrayCompletionBlock</Abstract>
			<DeclaredIn>MendeleyBlockExecutor.h</DeclaredIn>
			
			<Declaration>- (instancetype)initWithStringArrayCompletionBlock:(MendeleyStringArrayCompletionBlock)stringArrayCompletionBlock</Declaration>
			
			
			<Anchor>//api/name/initWithStringArrayCompletionBlock:</Anchor>
            <NodeRef refid="5"/>
		</Token>
		
		<Token>
			<TokenIdentifier>//apple_ref/occ/instm/MendeleyBlockExecutor/initWithCompletionBlock:</TokenIdentifier>
			<Abstract type="html">   @param completionBlock</Abstract>
			<DeclaredIn>MendeleyBlockExecutor.h</DeclaredIn>
			
			<Declaration>- (instancetype)initWithCompletionBlock:(MendeleyCompletionBlock)completionBlock</Declaration>
			
			
			<Anchor>//api/name/initWithCompletionBlock:</Anchor>
            <NodeRef refid="5"/>
		</Token>
		
		<Token>
			<TokenIdentifier>//apple_ref/occ/instm/MendeleyBlockExecutor/initWithObjectCompletionBlock:</TokenIdentifier>
			<Abstract type="html">   @param objectCompletionBlock</Abstract>
			<DeclaredIn>MendeleyBlockExecutor.h</DeclaredIn>
			
			<Declaration>- (instancetype)initWithObjectCompletionBlock:(MendeleyObjectCompletionBlock)objectCompletionBlock</Declaration>
			
			
			<Anchor>//api/name/initWithObjectCompletionBlock:</Anchor>
            <NodeRef refid="5"/>
		</Token>
		
		<Token>
			<TokenIdentifier>//apple_ref/occ/instm/MendeleyBlockExecutor/initWithDictionaryCompletionBlock:</TokenIdentifier>
			<Abstract type="html">   @param dictionaryCompletionBlock</Abstract>
			<DeclaredIn>MendeleyBlockExecutor.h</DeclaredIn>
			
			<Declaration>- (instancetype)initWithDictionaryCompletionBlock:(MendeleyDictionaryResponseBlock)dictionaryCompletionBlock</Declaration>
			
			
			<Anchor>//api/name/initWithDictionaryCompletionBlock:</Anchor>
            <NodeRef refid="5"/>
		</Token>
		
		<Token>
			<TokenIdentifier>//apple_ref/occ/instm/MendeleyBlockExecutor/initWithBinaryDataCompletionBlock:</TokenIdentifier>
			<Abstract type="html">@param binaryDataCompletionBlock</Abstract>
			<DeclaredIn>MendeleyBlockExecutor.h</DeclaredIn>
			
			<Declaration>- (instancetype)initWithBinaryDataCompletionBlock:(MendeleyBinaryDataCompletionBlock)binaryDataCompletionBlock</Declaration>
			
			
			<Anchor>//api/name/initWithBinaryDataCompletionBlock:</Anchor>
            <NodeRef refid="5"/>
		</Token>
		
		<Token>
			<TokenIdentifier>//apple_ref/occ/instm/MendeleyBlockExecutor/executeWithArray:syncInfo:error:</TokenIdentifier>
			<Abstract type="html">   executes the MendeleyArrayCompletionBlock on the main thread
   @param array
   @param syncInfo
   @param error</Abstract>
			<DeclaredIn>MendeleyBlockExecutor.h</DeclaredIn>
			
			<Declaration>- (void)executeWithArray:(NSArray *)array syncInfo:(MendeleySyncInfo *)syncInfo error:(NSError *)error</Declaration>
			
			
			<Anchor>//api/name/executeWithArray:syncInfo:error:</Anchor>
            <NodeRef refid="5"/>
		</Token>
		
		<Token>
			<TokenIdentifier>//apple_ref/occ/instm/MendeleyBlockExecutor/executeWithBool:error:</TokenIdentifier>
			<Abstract type="html">   executes the MendeleyCompletionBlock on the main thread
   @param success
   @param error</Abstract>
			<DeclaredIn>MendeleyBlockExecutor.h</DeclaredIn>
			
			<Declaration>- (void)executeWithBool:(BOOL)success error:(NSError *)error</Declaration>
			
			
			<Anchor>//api/name/executeWithBool:error:</Anchor>
            <NodeRef refid="5"/>
		</Token>
		
		<Token>
			<TokenIdentifier>//apple_ref/occ/instm/MendeleyBlockExecutor/executeWithMendeleyObject:syncInfo:error:</TokenIdentifier>
			<Abstract type="html">   executes the MendeleyObjectCompletionBlock on the main thread
   @param mendeleyObject
   @param syncInfo
   @param error</Abstract>
			<DeclaredIn>MendeleyBlockExecutor.h</DeclaredIn>
			
			<Declaration>- (void)executeWithMendeleyObject:(MendeleyObject *)mendeleyObject syncInfo:(MendeleySyncInfo *)syncInfo error:(NSError *)error</Declaration>
			
			
			<Anchor>//api/name/executeWithMendeleyObject:syncInfo:error:</Anchor>
            <NodeRef refid="5"/>
		</Token>
		
		<Token>
			<TokenIdentifier>//apple_ref/occ/instm/MendeleyBlockExecutor/executeWithDictionary:error:</TokenIdentifier>
			<Abstract type="html">   executes the MendeleyDictionaryCompletionBlock on the main thread
   @param dictionary
   @param error</Abstract>
			<DeclaredIn>MendeleyBlockExecutor.h</DeclaredIn>
			
			<Declaration>- (void)executeWithDictionary:(NSDictionary *)dictionary error:(NSError *)error</Declaration>
			
			
			<Anchor>//api/name/executeWithDictionary:error:</Anchor>
            <NodeRef refid="5"/>
		</Token>
		
		<Token>
			<TokenIdentifier>//apple_ref/occ/instm/MendeleyBlockExecutor/executeWithBinaryData:error:</TokenIdentifier>
			<Abstract type="html">executes the MendeleyDictionaryCompletionBlock on the main thread
@param binaryData
@param error</Abstract>
			<DeclaredIn>MendeleyBlockExecutor.h</DeclaredIn>
			
			<Declaration>- (void)executeWithBinaryData:(NSData *)binaryData error:(NSError *)error</Declaration>
			
			
			<Anchor>//api/name/executeWithBinaryData:error:</Anchor>
            <NodeRef refid="5"/>
		</Token>
		
        
        
	</File>
</Tokens>