<?xml version="1.0" encoding="UTF-8"?>
<Tokens version="1.0">
	<File path="Classes/MendeleyPerformanceMeterSession.html">
		
		<Token>
			<TokenIdentifier>//apple_ref/occ/cl/MendeleyPerformanceMeterSession</TokenIdentifier>
			<Abstract type="html"></Abstract>
			<DeclaredIn>MendeleyPerformanceMeterSession.h</DeclaredIn>
            
			
			<NodeRef refid="37"/>
		</Token>
		
		
		<Token>
			<TokenIdentifier>//apple_ref/occ/clm/MendeleyPerformanceMeterSession/sessionWithName:</TokenIdentifier>
			<Abstract type="html">returns a performance meter session with given name
@param sessionName</Abstract>
			<DeclaredIn>MendeleyPerformanceMeterSession.h</DeclaredIn>
			
			<Declaration>+ (MendeleyPerformanceMeterSession *)sessionWithName:(NSString *)sessionName</Declaration>
			
			
			<Anchor>//api/name/sessionWithName:</Anchor>
            <NodeRef refid="37"/>
		</Token>
		
		<Token>
			<TokenIdentifier>//apple_ref/occ/instm/MendeleyPerformanceMeterSession/createTimerWithName:</TokenIdentifier>
			<Abstract type="html">creates a timer with a gien name
@param timerName</Abstract>
			<DeclaredIn>MendeleyPerformanceMeterSession.h</DeclaredIn>
			
			<Declaration>- (NSString *)createTimerWithName:(NSString *)timerName</Declaration>
			
			<ReturnValue><Abstract type="html">timer Id</Abstract></ReturnValue>
			<Anchor>//api/name/createTimerWithName:</Anchor>
            <NodeRef refid="37"/>
		</Token>
		
		<Token>
			<TokenIdentifier>//apple_ref/occ/instm/MendeleyPerformanceMeterSession/startTimerWithID:</TokenIdentifier>
			<Abstract type="html">@param timerID</Abstract>
			<DeclaredIn>MendeleyPerformanceMeterSession.h</DeclaredIn>
			
			<Declaration>- (void)startTimerWithID:(NSString *)timerID</Declaration>
			
			
			<Anchor>//api/name/startTimerWithID:</Anchor>
            <NodeRef refid="37"/>
		</Token>
		
		<Token>
			<TokenIdentifier>//apple_ref/occ/instm/MendeleyPerformanceMeterSession/stopTimerWithID:</TokenIdentifier>
			<Abstract type="html">@param timerID</Abstract>
			<DeclaredIn>MendeleyPerformanceMeterSession.h</DeclaredIn>
			
			<Declaration>- (void)stopTimerWithID:(NSString *)timerID</Declaration>
			
			
			<Anchor>//api/name/stopTimerWithID:</Anchor>
            <NodeRef refid="37"/>
		</Token>
		
		<Token>
			<TokenIdentifier>//apple_ref/occ/instm/MendeleyPerformanceMeterSession/reportWithTimerID:</TokenIdentifier>
			<Abstract type="html">returns a report for a given timerID as dictionary
@param timerID</Abstract>
			<DeclaredIn>MendeleyPerformanceMeterSession.h</DeclaredIn>
			
			<Declaration>- (NSDictionary *)reportWithTimerID:(NSString *)timerID</Declaration>
			
			
			<Anchor>//api/name/reportWithTimerID:</Anchor>
            <NodeRef refid="37"/>
		</Token>
		
		<Token>
			<TokenIdentifier>//apple_ref/occ/instm/MendeleyPerformanceMeterSession/finishSessionAndGetResults</TokenIdentifier>
			<Abstract type="html">returns the results for a session as dictionary</Abstract>
			<DeclaredIn>MendeleyPerformanceMeterSession.h</DeclaredIn>
			
			<Declaration>- (NSDictionary *)finishSessionAndGetResults</Declaration>
			
			
			<Anchor>//api/name/finishSessionAndGetResults</Anchor>
            <NodeRef refid="37"/>
		</Token>
		
        
        
	</File>
</Tokens>