<?xml version="1.0" encoding="UTF-8"?>
<Tokens version="1.0">
	<File path="Classes/MendeleyTaskProvider.html">
		
		<Token>
			<TokenIdentifier>//apple_ref/occ/cl/MendeleyTaskProvider</TokenIdentifier>
			<Abstract type="html"></Abstract>
			<DeclaredIn>MendeleyTaskProvider.h</DeclaredIn>
            
			
			<NodeRef refid="46"/>
		</Token>
		
		
		<Token>
			<TokenIdentifier>//apple_ref/occ/clm/MendeleyTaskProvider/dataTaskWithRequest:session:completionBlock:</TokenIdentifier>
			<Abstract type="html">   This creates a generic NSURLSessionTask
   @param request
   @param session
   @param completionBlock</Abstract>
			<DeclaredIn>MendeleyTaskProvider.h</DeclaredIn>
			
			<Declaration>+ (NSURLSessionDataTask *)dataTaskWithRequest:(NSURLRequest *)request session:(NSURLSession *)session completionBlock:(MendeleyResponseCompletionBlock)completionBlock</Declaration>
			
			
			<Anchor>//api/name/dataTaskWithRequest:session:completionBlock:</Anchor>
            <NodeRef refid="46"/>
		</Token>
		
		<Token>
			<TokenIdentifier>//apple_ref/occ/clm/MendeleyTaskProvider/downloadTaskWithRequest:session:progressBlock:completionBlock:</TokenIdentifier>
			<Abstract type="html">   This creates a download task
   @param request
   @param session
   @param progressBlock
   @param completionBlock</Abstract>
			<DeclaredIn>MendeleyTaskProvider.h</DeclaredIn>
			
			<Declaration>+ (NSURLSessionDownloadTask *)downloadTaskWithRequest:(NSURLRequest *)request session:(NSURLSession *)session progressBlock:(MendeleyResponseProgressBlock)progressBlock completionBlock:(MendeleyResponseCompletionBlock)completionBlock</Declaration>
			
			
			<Anchor>//api/name/downloadTaskWithRequest:session:progressBlock:completionBlock:</Anchor>
            <NodeRef refid="46"/>
		</Token>
		
		<Token>
			<TokenIdentifier>//apple_ref/occ/clm/MendeleyTaskProvider/uploadTaskWithRequest:session:progressBlock:completionBlock:</TokenIdentifier>
			<Abstract type="html">   This creates a download task
   @param request
   @param session
   @param progressBlock
   @param completionBlock</Abstract>
			<DeclaredIn>MendeleyTaskProvider.h</DeclaredIn>
			
			<Declaration>+ (NSURLSessionUploadTask *)uploadTaskWithRequest:(NSURLRequest *)request session:(NSURLSession *)session progressBlock:(MendeleyResponseProgressBlock)progressBlock completionBlock:(MendeleyResponseCompletionBlock)completionBlock</Declaration>
			
			
			<Anchor>//api/name/uploadTaskWithRequest:session:progressBlock:completionBlock:</Anchor>
            <NodeRef refid="46"/>
		</Token>
		
        
        
	</File>
</Tokens>