<?xml version="1.0" encoding="UTF-8"?>
<Tokens version="1.0">
	<File path="Classes/Reachability.html">
		
		<Token>
			<TokenIdentifier>//apple_ref/occ/cl/Reachability</TokenIdentifier>
			<Abstract type="html"></Abstract>
			<DeclaredIn>Reachability.h</DeclaredIn>
            
			
			<NodeRef refid="50"/>
		</Token>
		
		
		<Token>
			<TokenIdentifier>//apple_ref/occ/clm/Reachability/reachabilityWithHostName:</TokenIdentifier>
			<Abstract type="html">Use to check the reachability of a given host name.</Abstract>
			<DeclaredIn>Reachability.h</DeclaredIn>
			
			<Declaration>+ (instancetype)reachabilityWithHostName:(NSString *)hostName</Declaration>
			
			
			<Anchor>//api/name/reachabilityWithHostName:</Anchor>
            <NodeRef refid="50"/>
		</Token>
		
		<Token>
			<TokenIdentifier>//apple_ref/occ/clm/Reachability/reachabilityWithAddress:</TokenIdentifier>
			<Abstract type="html">Use to check the reachability of a given IP address.</Abstract>
			<DeclaredIn>Reachability.h</DeclaredIn>
			
			<Declaration>+ (instancetype)reachabilityWithAddress:(const struct sockaddr_in *)hostAddress</Declaration>
			
			
			<Anchor>//api/name/reachabilityWithAddress:</Anchor>
            <NodeRef refid="50"/>
		</Token>
		
		<Token>
			<TokenIdentifier>//apple_ref/occ/clm/Reachability/reachabilityForInternetConnection</TokenIdentifier>
			<Abstract type="html">Checks whether the default route is available. Should be used by applications that do not connect to a particular host.</Abstract>
			<DeclaredIn>Reachability.h</DeclaredIn>
			
			<Declaration>+ (instancetype)reachabilityForInternetConnection</Declaration>
			
			
			<Anchor>//api/name/reachabilityForInternetConnection</Anchor>
            <NodeRef refid="50"/>
		</Token>
		
		<Token>
			<TokenIdentifier>//apple_ref/occ/clm/Reachability/reachabilityForLocalWiFi</TokenIdentifier>
			<Abstract type="html">Checks whether a local WiFi connection is available.</Abstract>
			<DeclaredIn>Reachability.h</DeclaredIn>
			
			<Declaration>+ (instancetype)reachabilityForLocalWiFi</Declaration>
			
			
			<Anchor>//api/name/reachabilityForLocalWiFi</Anchor>
            <NodeRef refid="50"/>
		</Token>
		
		<Token>
			<TokenIdentifier>//apple_ref/occ/instm/Reachability/startNotifier</TokenIdentifier>
			<Abstract type="html">Start listening for reachability notifications on the current run loop.</Abstract>
			<DeclaredIn>Reachability.h</DeclaredIn>
			
			<Declaration>- (BOOL)startNotifier</Declaration>
			
			
			<Anchor>//api/name/startNotifier</Anchor>
            <NodeRef refid="50"/>
		</Token>
		
		<Token>
			<TokenIdentifier>//apple_ref/occ/instm/Reachability/connectionRequired</TokenIdentifier>
			<Abstract type="html">WWAN may be available, but not active until a connection has been established. WiFi may require a connection for VPN on Demand.</Abstract>
			<DeclaredIn>Reachability.h</DeclaredIn>
			
			<Declaration>- (BOOL)connectionRequired</Declaration>
			
			
			<Anchor>//api/name/connectionRequired</Anchor>
            <NodeRef refid="50"/>
		</Token>
		
        
        
	</File>
</Tokens>