<?xml version="1.0" encoding="UTF-8"?>
<Tokens version="1.0">
	<File path="Protocols/MendeleyKitHelperDelegate.html">
		
		<Token>
			<TokenIdentifier>//apple_ref/occ/intf/MendeleyKitHelperDelegate</TokenIdentifier>
			<Abstract type="html"></Abstract>
			<DeclaredIn>MendeleyKitHelper.h</DeclaredIn>
            
			
			<NodeRef refid="58"/>
		</Token>
		
		
		<Token>
			<TokenIdentifier>//apple_ref/occ/intfm/MendeleyKitHelperDelegate/networkProvider</TokenIdentifier>
			<Abstract type="html">   returns a valid network provider</Abstract>
			<DeclaredIn>MendeleyKitHelper.h</DeclaredIn>
			
			<Declaration>- (id&lt;MendeleyNetworkProvider&gt;)networkProvider</Declaration>
			
			
			<Anchor>//api/name/networkProvider</Anchor>
            <NodeRef refid="58"/>
		</Token>
		
		<Token>
			<TokenIdentifier>//apple_ref/occ/intfm/MendeleyKitHelperDelegate/baseAPIURL</TokenIdentifier>
			<Abstract type="html">   returns the base API URL.
   By default the following API address will be assumed
   https://api.mendeley.com
   It is highly recommended NOT to change this</Abstract>
			<DeclaredIn>MendeleyKitHelper.h</DeclaredIn>
			
			<Declaration>- (NSURL *)baseAPIURL</Declaration>
			
			
			<Anchor>//api/name/baseAPIURL</Anchor>
            <NodeRef refid="58"/>
		</Token>
		
        
        
	</File>
</Tokens>