<?xml version="1.0" encoding="UTF-8"?>
<Tokens version="1.0">
	<File path="Categories/NSError+MendeleyKit.html">
		
		<Token>
			<TokenIdentifier>//apple_ref/occ/cat/NSError(MendeleyKit)</TokenIdentifier>
			<Abstract type="html"></Abstract>
			<DeclaredIn>NSError+MendeleyError.h</DeclaredIn>
            
			
			<NodeRef refid="45"/>
		</Token>
		
		
		<Token>
			<TokenIdentifier>//apple_ref/occ/instm/NSError/errorWithCode:localizedDescription:</TokenIdentifier>
			<Abstract type="html">   @param code
   @param localizedDescription</Abstract>
			<DeclaredIn>NSError+MendeleyError.h</DeclaredIn>
			
			<Declaration>+ (id)errorWithCode:(MendeleyErrorCode)code localizedDescription:(NSString *)localizedDescription</Declaration>
			
			<ReturnValue><Abstract type="html">an error with default Mendeley SDK domain</Abstract></ReturnValue>
			<Anchor>//api/name/errorWithCode:localizedDescription:</Anchor>
            <NodeRef refid="45"/>
		</Token>
		
		<Token>
			<TokenIdentifier>//apple_ref/occ/instm/NSError/errorWithCode:</TokenIdentifier>
			<Abstract type="html">   @param code</Abstract>
			<DeclaredIn>NSError+MendeleyError.h</DeclaredIn>
			
			<Declaration>+ (id)errorWithCode:(MendeleyErrorCode)code</Declaration>
			
			<ReturnValue><Abstract type="html">an error object with default Mendeley Error domain</Abstract></ReturnValue>
			<Anchor>//api/name/errorWithCode:</Anchor>
            <NodeRef refid="45"/>
		</Token>
		
		<Token>
			<TokenIdentifier>//apple_ref/occ/instm/NSError/errorWithMendeleyResponse:</TokenIdentifier>
			<Abstract type="html">   @param response</Abstract>
			<DeclaredIn>NSError+MendeleyError.h</DeclaredIn>
			
			<Declaration>+ (id)errorWithMendeleyResponse:(MendeleyResponse *)response</Declaration>
			
			<ReturnValue><Abstract type="html">an error with default Mendeley Error domain</Abstract></ReturnValue>
			<Anchor>//api/name/errorWithMendeleyResponse:</Anchor>
            <NodeRef refid="45"/>
		</Token>
		
        
        
	</File>
</Tokens>