<?xml version="1.0" encoding="UTF-8"?>
<Tokens version="1.0">
	<File path="Classes/MendeleyResponse.html">
		
		<Token>
			<TokenIdentifier>//apple_ref/occ/cl/MendeleyResponse</TokenIdentifier>
			<Abstract type="html"></Abstract>
			<DeclaredIn>MendeleyResponse.h</DeclaredIn>
            
			
			<NodeRef refid="47"/>
		</Token>
		
		
		<Token>
			<TokenIdentifier>//apple_ref/occ/clm/MendeleyResponse/mendeleyReponseForURLResponse:</TokenIdentifier>
			<Abstract type="html">   initialises a MendeleyResponse object
   @param urlResponse</Abstract>
			<DeclaredIn>MendeleyResponse.h</DeclaredIn>
			
			<Declaration>+ (MendeleyResponse *)mendeleyReponseForURLResponse:(NSURLResponse *)urlResponse</Declaration>
			
			<ReturnValue><Abstract type="html">MendeleyResponse object</Abstract></ReturnValue>
			<Anchor>//api/name/mendeleyReponseForURLResponse:</Anchor>
            <NodeRef refid="47"/>
		</Token>
		
		<Token>
			<TokenIdentifier>//apple_ref/occ/clm/MendeleyResponse/mendeleyReponseForURLResponse:fileURL:</TokenIdentifier>
			<Abstract type="html">   initialises a MendeleyResponse object with a file location (to be used for up/download)
   @param urlResponse
   @param fileURL</Abstract>
			<DeclaredIn>MendeleyResponse.h</DeclaredIn>
			
			<Declaration>+ (MendeleyResponse *)mendeleyReponseForURLResponse:(NSURLResponse *)urlResponse fileURL:(NSURL *)fileURL</Declaration>
			
			<ReturnValue><Abstract type="html">MendeleyResponse object</Abstract></ReturnValue>
			<Anchor>//api/name/mendeleyReponseForURLResponse:fileURL:</Anchor>
            <NodeRef refid="47"/>
		</Token>
		
		<Token>
			<TokenIdentifier>//apple_ref/occ/instm/MendeleyResponse/deserialiseRawResponseData:error:</TokenIdentifier>
			<Abstract type="html">   used for deserialising response data. This method is used for cases where
   the body content is of type JSON.
   Don&apos;t use for binary data
   @param rawResponseData
   @param error</Abstract>
			<DeclaredIn>MendeleyResponse.h</DeclaredIn>
			
			<Declaration>- (BOOL)deserialiseRawResponseData:(NSData *)rawResponseData error:(NSError **)error</Declaration>
			
			<ReturnValue><Abstract type="html">YES if successful (error is nil) or NO otherwise</Abstract></ReturnValue>
			<Anchor>//api/name/deserialiseRawResponseData:error:</Anchor>
            <NodeRef refid="47"/>
		</Token>
		
        
        
	</File>
</Tokens>