<?xml version="1.0" encoding="UTF-8"?>
<Tokens version="1.0">
	<File path="Classes/MendeleyNetworkTask.html">
		
		<Token>
			<TokenIdentifier>//apple_ref/occ/cl/MendeleyNetworkTask</TokenIdentifier>
			<Abstract type="html"></Abstract>
			<DeclaredIn>MendeleyNetworkTask.h</DeclaredIn>
            
			
			<NodeRef refid="34"/>
		</Token>
		
		
		<Token>
			<TokenIdentifier>//apple_ref/occ/instm/MendeleyNetworkTask/initTaskWithRequest:session:completionBlock:</TokenIdentifier>
			<Abstract type="html">   initialises a network task
   @param request
   @param session
   @param completionBlock</Abstract>
			<DeclaredIn>MendeleyNetworkTask.h</DeclaredIn>
			
			<Declaration>- (instancetype)initTaskWithRequest:(NSURLRequest *)request session:(NSURLSession *)session completionBlock:(MendeleyResponseCompletionBlock)completionBlock</Declaration>
			
			
			<Anchor>//api/name/initTaskWithRequest:session:completionBlock:</Anchor>
            <NodeRef refid="34"/>
		</Token>
		
		<Token>
			<TokenIdentifier>//apple_ref/occ/instm/MendeleyNetworkTask/executeTask</TokenIdentifier>
			<Abstract type="html">   executes a tasks</Abstract>
			<DeclaredIn>MendeleyNetworkTask.h</DeclaredIn>
			
			<Declaration>- (void)executeTask</Declaration>
			
			
			<Anchor>//api/name/executeTask</Anchor>
            <NodeRef refid="34"/>
		</Token>
		
		<Token>
			<TokenIdentifier>//apple_ref/occ/instm/MendeleyNetworkTask/cancelTaskWithCompletionBlock:</TokenIdentifier>
			<Abstract type="html">   cancels a task
   @param completionBlock</Abstract>
			<DeclaredIn>MendeleyNetworkTask.h</DeclaredIn>
			
			<Declaration>- (void)cancelTaskWithCompletionBlock:(MendeleyCompletionBlock)completionBlock</Declaration>
			
			
			<Anchor>//api/name/cancelTaskWithCompletionBlock:</Anchor>
            <NodeRef refid="34"/>
		</Token>
		
        
        
	</File>
</Tokens>