<?xml version="1.0" encoding="UTF-8"?>
<Tokens version="1.0">
	<File path="Constants/MendeleyGroupIconType.html">
		
		<Token>
			<TokenIdentifier>//apple_ref/c/tdef/MendeleyGroupIconType</TokenIdentifier>
			<Abstract type="html"></Abstract>
			<DeclaredIn>MendeleyGlobals.h</DeclaredIn>
            
			
			<NodeRef refid="61"/>
		</Token>
		
		
        
        <Token>
            <TokenIdentifier>//apple_ref/c/econst/OriginalIcon</TokenIdentifier>
            <Abstract type="html"></Abstract>
            <Declaration>OriginalIcon</Declaration>
            
            <DeclaredIn>MendeleyGlobals.h</DeclaredIn>
            
            <NodeRef refid="61"/>
        </Token>
        
        <Token>
            <TokenIdentifier>//apple_ref/c/econst/SquareIcon</TokenIdentifier>
            <Abstract type="html"></Abstract>
            <Declaration>SquareIcon</Declaration>
            
            <DeclaredIn>MendeleyGlobals.h</DeclaredIn>
            
            <NodeRef refid="61"/>
        </Token>
        
        <Token>
            <TokenIdentifier>//apple_ref/c/econst/StandardIcon</TokenIdentifier>
            <Abstract type="html"></Abstract>
            <Declaration>StandardIcon</Declaration>
            
            <DeclaredIn>MendeleyGlobals.h</DeclaredIn>
            
            <NodeRef refid="61"/>
        </Token>
        
        
	</File>
</Tokens>