<?xml version="1.0" encoding="UTF-8"?>
<Tokens version="1.0">
	<File path="Categories/NSDictionary+Merge.html">
		
		<Token>
			<TokenIdentifier>//apple_ref/occ/cat/NSDictionary(Merge)</TokenIdentifier>
			<Abstract type="html"></Abstract>
			<DeclaredIn>NSDictionary+Merge.h</DeclaredIn>
            
			
			<NodeRef refid="56"/>
		</Token>
		
		
		<Token>
			<TokenIdentifier>//apple_ref/occ/instm/NSDictionary/dictionaryByMerging:with:</TokenIdentifier>
			<Abstract type="html">   merges 2 dictionaries. Used to combined e.g. query parameters
   @param dict1
   @param dict2</Abstract>
			<DeclaredIn>NSDictionary+Merge.h</DeclaredIn>
			
			<Declaration>+ (NSDictionary *)dictionaryByMerging:(NSDictionary *)dict1 with:(NSDictionary *)dict2</Declaration>
			
			
			<Anchor>//api/name/dictionaryByMerging:with:</Anchor>
            <NodeRef refid="56"/>
		</Token>
		
		<Token>
			<TokenIdentifier>//apple_ref/occ/instm/NSDictionary/dictionaryByMergingWith:</TokenIdentifier>
			<Abstract type="html">   Merges this dictionary with values provided in the parameter
   @param dict</Abstract>
			<DeclaredIn>NSDictionary+Merge.h</DeclaredIn>
			
			<Declaration>- (NSDictionary *)dictionaryByMergingWith:(NSDictionary *)dict</Declaration>
			
			
			<Anchor>//api/name/dictionaryByMergingWith:</Anchor>
            <NodeRef refid="56"/>
		</Token>
		
        
        
	</File>
</Tokens>