<?xml version="1.0" encoding="UTF-8"?>
<Tokens version="1.0">
	<File path="Protocols/MendeleyUserInfoProvider.html">
		
		<Token>
			<TokenIdentifier>//apple_ref/occ/intf/MendeleyUserInfoProvider</TokenIdentifier>
			<Abstract type="html"></Abstract>
			<DeclaredIn>MendeleyErrorManager.h</DeclaredIn>
            
			
			<NodeRef refid="60"/>
		</Token>
		
		
		<Token>
			<TokenIdentifier>//apple_ref/occ/intfm/MendeleyUserInfoProvider/userInfoWithErrorCode:</TokenIdentifier>
			<Abstract type="html">   Returns the userInfo for a given error code
   @param errorCode</Abstract>
			<DeclaredIn>MendeleyErrorManager.h</DeclaredIn>
			
			<Declaration>- (NSDictionary *)userInfoWithErrorCode:(NSInteger)errorCode</Declaration>
			
			
			<Anchor>//api/name/userInfoWithErrorCode:</Anchor>
            <NodeRef refid="60"/>
		</Token>
		
        
        
	</File>
</Tokens>