<?xml version="1.0" encoding="UTF-8"?>
<Tokens version="1.0">
	<File path="Classes/MendeleyKitHelper.html">
		
		<Token>
			<TokenIdentifier>//apple_ref/occ/cl/MendeleyKitHelper</TokenIdentifier>
			<Abstract type="html"></Abstract>
			<DeclaredIn>MendeleyKitHelper.h</DeclaredIn>
            
			
			<NodeRef refid="23"/>
		</Token>
		
		
		<Token>
			<TokenIdentifier>//apple_ref/occ/instm/MendeleyKitHelper/initWithDelegate:</TokenIdentifier>
			<Abstract type="html">   @param delegate</Abstract>
			<DeclaredIn>MendeleyKitHelper.h</DeclaredIn>
			
			<Declaration>- (instancetype)initWithDelegate:(id&lt;MendeleyKitHelperDelegate&gt;)delegate</Declaration>
			
			<ReturnValue><Abstract type="html">an instance of the helper</Abstract></ReturnValue>
			<Anchor>//api/name/initWithDelegate:</Anchor>
            <NodeRef refid="23"/>
		</Token>
		
		<Token>
			<TokenIdentifier>//apple_ref/occ/instm/MendeleyKitHelper/isSuccessForResponse:error:</TokenIdentifier>
			<Abstract type="html">   checks whether a MendeleyResponse can be marked as successful or whether an error has occurred
   @param response
   @param error</Abstract>
			<DeclaredIn>MendeleyKitHelper.h</DeclaredIn>
			
			<Declaration>- (BOOL)isSuccessForResponse:(MendeleyResponse *)response error:(NSError **)error</Declaration>
			
			
			<Anchor>//api/name/isSuccessForResponse:error:</Anchor>
            <NodeRef refid="23"/>
		</Token>
		
		<Token>
			<TokenIdentifier>//apple_ref/occ/instm/MendeleyKitHelper/mendeleyObjectListOfType:api:parameters:additionalHeaders:task:completionBlock:</TokenIdentifier>
			<Abstract type="html">   Used in GET REST API calls: this gets a list of Mendeley Objects from the server</Abstract>
			<DeclaredIn>MendeleyKitHelper.h</DeclaredIn>
			
			<Declaration>- (void)mendeleyObjectListOfType:(NSString *)objectTypeString api:(NSString *)apiString parameters:(NSDictionary *)queryParameters additionalHeaders:(NSDictionary *)additionalHeaders task:(MendeleyTask *)task completionBlock:(MendeleyArrayCompletionBlock)completionBlock</Declaration>
			<Parameters>
				<Parameter>
					<Name>objectTypeString</Name>
					<Abstract type="html">e.g. MendeleyDocument</Abstract>
				</Parameter><Parameter>
					<Name>apiString</Name>
					<Abstract type="html">e.g. documents
   @param queryParameters</Abstract>
				</Parameter><Parameter>
					<Name>additionalHeaders</Name>
					<Abstract type="html">- this usually includes the Accept:&quot;**+1.json&quot; type header to accept API specific JSON responses
   @param completionBlock</Abstract>
				</Parameter>
			</Parameters>
			
			<Anchor>//api/name/mendeleyObjectListOfType:api:parameters:additionalHeaders:task:completionBlock:</Anchor>
            <NodeRef refid="23"/>
		</Token>
		
		<Token>
			<TokenIdentifier>//apple_ref/occ/instm/MendeleyKitHelper/mendeleyIDStringListForAPI:parameters:additionalHeaders:task:completionBlock:</TokenIdentifier>
			<Abstract type="html">   Used in GET REST API calls. A specific call to get a list of ID strings from the server
   (e.g. /folders/{folderID}/documents)</Abstract>
			<DeclaredIn>MendeleyKitHelper.h</DeclaredIn>
			
			<Declaration>- (void)mendeleyIDStringListForAPI:(NSString *)apiString parameters:(NSDictionary *)queryParameters additionalHeaders:(NSDictionary *)additionalHeaders task:(MendeleyTask *)task completionBlock:(MendeleyArrayCompletionBlock)completionBlock</Declaration>
			<Parameters>
				<Parameter>
					<Name>apiString</Name>
					<Abstract type="html">e.g. documents
   @param queryParameters</Abstract>
				</Parameter><Parameter>
					<Name>additionalHeaders</Name>
					<Abstract type="html">- this usually includes the Accept:&quot;**+1.json&quot; type header to accept API specific JSON responses
   @param completionBlock</Abstract>
				</Parameter>
			</Parameters>
			
			<Anchor>//api/name/mendeleyIDStringListForAPI:parameters:additionalHeaders:task:completionBlock:</Anchor>
            <NodeRef refid="23"/>
		</Token>
		
		<Token>
			<TokenIdentifier>//apple_ref/occ/instm/MendeleyKitHelper/mendeleyObjectOfType:parameters:api:additionalHeaders:task:completionBlock:</TokenIdentifier>
			<Abstract type="html">   Used in GET REST API calls: obtains a single Mendeley Object</Abstract>
			<DeclaredIn>MendeleyKitHelper.h</DeclaredIn>
			
			<Declaration>- (void)mendeleyObjectOfType:(NSString *)objectTypeString parameters:(NSDictionary *)queryParameters api:(NSString *)apiString additionalHeaders:(NSDictionary *)additionalHeaders task:(MendeleyTask *)task completionBlock:(MendeleyObjectCompletionBlock)completionBlock</Declaration>
			<Parameters>
				<Parameter>
					<Name>objectTypeString</Name>
					<Abstract type="html">e.g. MendeleyDocument
   @param queryParameters</Abstract>
				</Parameter><Parameter>
					<Name>apiString</Name>
					<Abstract type="html">e.g. documents</Abstract>
				</Parameter><Parameter>
					<Name>additionalHeaders</Name>
					<Abstract type="html">- this usually includes the Accept:&quot;**+1.json&quot; type header to accept API specific JSON responses
   @param completionBlock</Abstract>
				</Parameter>
			</Parameters>
			
			<Anchor>//api/name/mendeleyObjectOfType:parameters:api:additionalHeaders:task:completionBlock:</Anchor>
            <NodeRef refid="23"/>
		</Token>
		
		<Token>
			<TokenIdentifier>//apple_ref/occ/instm/MendeleyKitHelper/createMendeleyObject:api:task:completionBlock:</TokenIdentifier>
			<Abstract type="html">   This creates a new MendeleyObject on the server
   @param mendeleyObject</Abstract>
			<DeclaredIn>MendeleyKitHelper.h</DeclaredIn>
			
			<Declaration>- (void)createMendeleyObject:(MendeleyObject *)mendeleyObject api:(NSString *)apiString task:(MendeleyTask *)task completionBlock:(MendeleyCompletionBlock)completionBlock</Declaration>
			<Parameters>
				<Parameter>
					<Name>apiString</Name>
					<Abstract type="html">e.g. documents
   @param completionBlock</Abstract>
				</Parameter>
			</Parameters>
			
			<Anchor>//api/name/createMendeleyObject:api:task:completionBlock:</Anchor>
            <NodeRef refid="23"/>
		</Token>
		
		<Token>
			<TokenIdentifier>//apple_ref/occ/instm/MendeleyKitHelper/createMendeleyObject:api:additionalHeaders:expectedType:task:completionBlock:</TokenIdentifier>
			<Abstract type="html">   Used in POST REST API calls
   @param mendeleyObject</Abstract>
			<DeclaredIn>MendeleyKitHelper.h</DeclaredIn>
			
			<Declaration>- (void)createMendeleyObject:(MendeleyObject *)mendeleyObject api:(NSString *)apiString additionalHeaders:(NSDictionary *)additionalHeaders expectedType:(NSString *)objectTypeString task:(MendeleyTask *)task completionBlock:(MendeleyObjectCompletionBlock)completionBlock</Declaration>
			<Parameters>
				<Parameter>
					<Name>apiString</Name>
					<Abstract type="html">e.g. documents</Abstract>
				</Parameter><Parameter>
					<Name>additionalHeaders</Name>
					<Abstract type="html">- this usually includes the Accept:&quot;**+1.json&quot; type header to accept API specific JSON responses</Abstract>
				</Parameter><Parameter>
					<Name>objectTypeString</Name>
					<Abstract type="html">e.g. MendeleyDocument
   @param completionBlock</Abstract>
				</Parameter>
			</Parameters>
			
			<Anchor>//api/name/createMendeleyObject:api:additionalHeaders:expectedType:task:completionBlock:</Anchor>
            <NodeRef refid="23"/>
		</Token>
		
		<Token>
			<TokenIdentifier>//apple_ref/occ/instm/MendeleyKitHelper/updateMendeleyObject:api:task:completionBlock:</TokenIdentifier>
			<Abstract type="html">   Used in PATCH REST API calls
   This updates an existing Mendeley Object on the server
   @param updatedMendeleyObject</Abstract>
			<DeclaredIn>MendeleyKitHelper.h</DeclaredIn>
			
			<Declaration>- (void)updateMendeleyObject:(MendeleyObject *)updatedMendeleyObject api:(NSString *)apiString task:(MendeleyTask *)task completionBlock:(MendeleyCompletionBlock)completionBlock</Declaration>
			<Parameters>
				<Parameter>
					<Name>apiString</Name>
					<Abstract type="html">e.g. documents
   @param completionBlock</Abstract>
				</Parameter>
			</Parameters>
			
			<Anchor>//api/name/updateMendeleyObject:api:task:completionBlock:</Anchor>
            <NodeRef refid="23"/>
		</Token>
		
		<Token>
			<TokenIdentifier>//apple_ref/occ/instm/MendeleyKitHelper/updateMendeleyObject:api:additionalHeaders:task:completionBlock:</TokenIdentifier>
			<Abstract type="html">   Used in PATCH REST API calls
   This updates an existing Mendeley Object on the server
   @param mendeleyObject</Abstract>
			<DeclaredIn>MendeleyKitHelper.h</DeclaredIn>
			
			<Declaration>- (void)updateMendeleyObject:(MendeleyObject *)updatedMendeleyObject api:(NSString *)apiString additionalHeaders:(NSDictionary *)additionalHeaders task:(MendeleyTask *)task completionBlock:(MendeleyCompletionBlock)completionBlock</Declaration>
			<Parameters>
				<Parameter>
					<Name>apiString</Name>
					<Abstract type="html">e.g. documents</Abstract>
				</Parameter><Parameter>
					<Name>additionalHeaders</Name>
					<Abstract type="html">- this usually includes the Accept:&quot;**+1.json&quot; type header to accept API specific JSON responses
   @param completionBlock</Abstract>
				</Parameter>
			</Parameters>
			
			<Anchor>//api/name/updateMendeleyObject:api:additionalHeaders:task:completionBlock:</Anchor>
            <NodeRef refid="23"/>
		</Token>
		
		<Token>
			<TokenIdentifier>//apple_ref/occ/instm/MendeleyKitHelper/updateMendeleyObject:api:additionalHeaders:expectedType:task:completionBlock:</TokenIdentifier>
			<Abstract type="html">   Used in PATCH REST API calls
   This updates an existing Mendeley Object on the server, returning the updated object in the completionBlock
   @param mendeleyObject</Abstract>
			<DeclaredIn>MendeleyKitHelper.h</DeclaredIn>
			
			<Declaration>- (void)updateMendeleyObject:(MendeleyObject *)updatedMendeleyObject api:(NSString *)apiString additionalHeaders:(NSDictionary *)additionalHeaders expectedType:(NSString *)objectTypeString task:(MendeleyTask *)task completionBlock:(MendeleyObjectCompletionBlock)completionBlock</Declaration>
			<Parameters>
				<Parameter>
					<Name>apiString</Name>
					<Abstract type="html">e.g. documents</Abstract>
				</Parameter><Parameter>
					<Name>additionalHeaders</Name>
					<Abstract type="html">- this usually includes the Accept:&quot;**+1.json&quot; type header to accept API specific JSON responses</Abstract>
				</Parameter><Parameter>
					<Name>objectTypeString</Name>
					<Abstract type="html">e.g. MendeleyDocument
   @param completionBlock</Abstract>
				</Parameter>
			</Parameters>
			
			<Anchor>//api/name/updateMendeleyObject:api:additionalHeaders:expectedType:task:completionBlock:</Anchor>
            <NodeRef refid="23"/>
		</Token>
		
		<Token>
			<TokenIdentifier>//apple_ref/occ/instm/MendeleyKitHelper/deleteMendeleyObjectWithAPI:task:completionBlock:</TokenIdentifier>
			<Abstract type="html">   Used in DELETE REST API calls. This deletes an object on the server</Abstract>
			<DeclaredIn>MendeleyKitHelper.h</DeclaredIn>
			
			<Declaration>- (void)deleteMendeleyObjectWithAPI:(NSString *)apiString task:(MendeleyTask *)task completionBlock:(MendeleyCompletionBlock)completionBlock</Declaration>
			<Parameters>
				<Parameter>
					<Name>apiString</Name>
					<Abstract type="html">e.g. documents
   @param completionBlock</Abstract>
				</Parameter>
			</Parameters>
			
			<Anchor>//api/name/deleteMendeleyObjectWithAPI:task:completionBlock:</Anchor>
            <NodeRef refid="23"/>
		</Token>
		
		<Token>
			<TokenIdentifier>//apple_ref/occ/instm/MendeleyKitHelper/downloadFileWithAPI:saveToURL:task:progressBlock:completionBlock:</TokenIdentifier>
			<Abstract type="html">   This is a specific GET request to download a file (typically a PDF file) to a specified location</Abstract>
			<DeclaredIn>MendeleyKitHelper.h</DeclaredIn>
			
			<Declaration>- (void)downloadFileWithAPI:(NSString *)apiString saveToURL:(NSURL *)fileURL task:(MendeleyTask *)task progressBlock:(MendeleyResponseProgressBlock)progressBlock completionBlock:(MendeleyCompletionBlock)completionBlock</Declaration>
			<Parameters>
				<Parameter>
					<Name>apiString</Name>
					<Abstract type="html">e.g. documents</Abstract>
				</Parameter><Parameter>
					<Name>fileURL</Name>
					<Abstract type="html">the location to save the downloaded file in
   @param progressBlock
   @param completionBlock</Abstract>
				</Parameter>
			</Parameters>
			
			<Anchor>//api/name/downloadFileWithAPI:saveToURL:task:progressBlock:completionBlock:</Anchor>
            <NodeRef refid="23"/>
		</Token>
		
        
        
	</File>
</Tokens>