<?xml version="1.0" encoding="UTF-8"?>
<Tokens version="1.0">
	<File path="Classes/MendeleyModeller.html">
		
		<Token>
			<TokenIdentifier>//apple_ref/occ/cl/MendeleyModeller</TokenIdentifier>
			<Abstract type="html"></Abstract>
			<DeclaredIn>MendeleyModeller.h</DeclaredIn>
            
			
			<NodeRef refid="28"/>
		</Token>
		
		
		<Token>
			<TokenIdentifier>//apple_ref/occ/clm/MendeleyModeller/sharedInstance</TokenIdentifier>
			<Abstract type="html">   returns a singleton for the modeller</Abstract>
			<DeclaredIn>MendeleyModeller.h</DeclaredIn>
			
			<Declaration>+ (nonnull MendeleyModeller *)sharedInstance</Declaration>
			
			
			<Anchor>//api/name/sharedInstance</Anchor>
            <NodeRef refid="28"/>
		</Token>
		
		<Token>
			<TokenIdentifier>//apple_ref/occ/instm/MendeleyModeller/parseJSONData:expectedType:completionBlock:</TokenIdentifier>
			<Abstract type="html">should be already deserialized JSON data, either NSArray or NSDictionary
   @param expectedType</Abstract>
			<DeclaredIn>MendeleyModeller.h</DeclaredIn>
			
			<Declaration>- (void)parseJSONData:(nonnull id)jsonData expectedType:(nonnull NSString *)expectedType completionBlock:(nonnull void ( ^ ) ( id __nullable parsedObject , NSError *__nullable error ))completionBlock</Declaration>
			<Parameters>
				<Parameter>
					<Name>jsonData</Name>
					<Abstract type="html">should be already deserialized JSON data, either NSArray or NSDictionary
   @param expectedType</Abstract>
				</Parameter><Parameter>
					<Name>completionBlock</Name>
					<Abstract type="html">will return either a MendeleyObject type model class or an NSArray of model objects</Abstract>
				</Parameter>
			</Parameters>
			
			<Anchor>//api/name/parseJSONData:expectedType:completionBlock:</Anchor>
            <NodeRef refid="28"/>
		</Token>
		
		<Token>
			<TokenIdentifier>//apple_ref/occ/instm/MendeleyModeller/jsonObjectFromModelOrModels:error:</TokenIdentifier>
			<Abstract type="html">   converts an existing Model class into a serialized JSON object (NSData)</Abstract>
			<DeclaredIn>MendeleyModeller.h</DeclaredIn>
			
			<Declaration>- (nullable NSData *)jsonObjectFromModelOrModels:(nonnull id)model error:(NSError *__nullable *__nullable)error</Declaration>
			<Parameters>
				<Parameter>
					<Name>model</Name>
					<Abstract type="html">can either be a model object or an array of model objects
   @param error</Abstract>
				</Parameter>
			</Parameters>
			<ReturnValue><Abstract type="html">a serialized NSData JSON object or nil if error</Abstract></ReturnValue>
			<Anchor>//api/name/jsonObjectFromModelOrModels:error:</Anchor>
            <NodeRef refid="28"/>
		</Token>
		
		<Token>
			<TokenIdentifier>//apple_ref/occ/instm/MendeleyModeller/parseJSONArrayOfIDDictionaries:completionBlock:</TokenIdentifier>
			<Abstract type="html">   in some cases the API returns a simple array of dictionary of ID strings. E.g.
   folders/{id}/documents</Abstract>
			<DeclaredIn>MendeleyModeller.h</DeclaredIn>
			
			<Declaration>- (void)parseJSONArrayOfIDDictionaries:(nullable NSArray *)jsonArray completionBlock:(nullable MendeleyStringArrayCompletionBlock)completionBlock</Declaration>
			
			
			<Anchor>//api/name/parseJSONArrayOfIDDictionaries:completionBlock:</Anchor>
            <NodeRef refid="28"/>
		</Token>
		
		<Token>
			<TokenIdentifier>//apple_ref/occ/instm/MendeleyModeller/jsonObjectForID:error:</TokenIdentifier>
			<Abstract type="html">   a simple JSON converter for string IDs to JSON. This will end up like
   {
    &quot;id&quot; : &quot;xxxxx-xxxx-xxxx-xxxxxxxxx&quot;
   }
   @param objectID
   @param error</Abstract>
			<DeclaredIn>MendeleyModeller.h</DeclaredIn>
			
			<Declaration>- (nullable NSData *)jsonObjectForID:(nonnull NSString *)objectID error:(NSError *__nullable *__nullable)error</Declaration>
			
			<ReturnValue><Abstract type="html">JSON object as NSData or nil if error</Abstract></ReturnValue>
			<Anchor>//api/name/jsonObjectForID:error:</Anchor>
            <NodeRef refid="28"/>
		</Token>
		
        
        
	</File>
</Tokens>