<?xml version="1.0" encoding="UTF-8"?>
<Tokens version="1.0">
	<File path="Classes/MendeleyFilesAPI.html">
		
		<Token>
			<TokenIdentifier>//apple_ref/occ/cl/MendeleyFilesAPI</TokenIdentifier>
			<Abstract type="html"></Abstract>
			<DeclaredIn>MendeleyFilesAPI.h</DeclaredIn>
            
			
			<NodeRef refid="13"/>
		</Token>
		
		
		<Token>
			<TokenIdentifier>//apple_ref/occ/instm/MendeleyFilesAPI/fileListWithQueryParameters:completionBlock:</TokenIdentifier>
			<Abstract type="html">   obtains a list of files for the first page.</Abstract>
			<DeclaredIn>MendeleyFilesAPI.h</DeclaredIn>
			
			<Declaration>- (void)fileListWithQueryParameters:(MendeleyFileParameters *)queryParameters completionBlock:(MendeleyArrayCompletionBlock)completionBlock</Declaration>
			<Parameters>
				<Parameter>
					<Name>parameters</Name>
					<Abstract type="html">the parameter set to be used in the request
   @param completionBlock</Abstract>
				</Parameter>
			</Parameters>
			
			<Anchor>//api/name/fileListWithQueryParameters:completionBlock:</Anchor>
            <NodeRef refid="13"/>
		</Token>
		
		<Token>
			<TokenIdentifier>//apple_ref/occ/instm/MendeleyFilesAPI/fileWithFileID:saveToURL:progressBlock:completionBlock:</TokenIdentifier>
			<Abstract type="html">   obtains a file for given ID from the library
   @param fileID
   @param fileURL
   @param progressBlock
   @param completionBlock</Abstract>
			<DeclaredIn>MendeleyFilesAPI.h</DeclaredIn>
			
			<Declaration>- (MendeleyTask *)fileWithFileID:(NSString *)fileID saveToURL:(NSURL *)fileURL progressBlock:(MendeleyResponseProgressBlock)progressBlock completionBlock:(MendeleyCompletionBlock)completionBlock</Declaration>
			
			
			<Anchor>//api/name/fileWithFileID:saveToURL:progressBlock:completionBlock:</Anchor>
            <NodeRef refid="13"/>
		</Token>
		
		<Token>
			<TokenIdentifier>//apple_ref/occ/instm/MendeleyFilesAPI/createFile:relativeToDocumentURLPath:progressBlock:completionBlock:</TokenIdentifier>
			<Abstract type="html">   this creates a file based on the mendeley object model provided in the argument.
   The server will respond with the JSON data structure for the new object
   @param fileURL
   @param documentURLPath
   @param progressBlock
   @param completionBlock</Abstract>
			<DeclaredIn>MendeleyFilesAPI.h</DeclaredIn>
			
			<Declaration>- (void)createFile:(NSURL *)fileURL relativeToDocumentURLPath:(NSString *)documentURLPath progressBlock:(MendeleyResponseProgressBlock)progressBlock completionBlock:(MendeleyObjectCompletionBlock)completionBlock</Declaration>
			
			
			<Anchor>//api/name/createFile:relativeToDocumentURLPath:progressBlock:completionBlock:</Anchor>
            <NodeRef refid="13"/>
		</Token>
		
		<Token>
			<TokenIdentifier>//apple_ref/occ/instm/MendeleyFilesAPI/deleteFileWithID:completionBlock:</TokenIdentifier>
			<Abstract type="html">   this method will remove a file with given ID permanently. The file data cannot be retrieved.
   However, the user will be able to get a list of permanently removed IDs
   @param documentID
   @param completionBlock</Abstract>
			<DeclaredIn>MendeleyFilesAPI.h</DeclaredIn>
			
			<Declaration>- (void)deleteFileWithID:(NSString *)fileID completionBlock:(MendeleyCompletionBlock)completionBlock</Declaration>
			
			
			<Anchor>//api/name/deleteFileWithID:completionBlock:</Anchor>
            <NodeRef refid="13"/>
		</Token>
		
		<Token>
			<TokenIdentifier>//apple_ref/occ/instm/MendeleyFilesAPI/fileListWithLinkedURL:completionBlock:</TokenIdentifier>
			<Abstract type="html">   @param linkURL
   @param completionBlock</Abstract>
			<DeclaredIn>MendeleyFilesAPI.h</DeclaredIn>
			
			<Declaration>- (void)fileListWithLinkedURL:(NSURL *)linkURL completionBlock:(MendeleyArrayCompletionBlock)completionBlock</Declaration>
			
			
			<Anchor>//api/name/fileListWithLinkedURL:completionBlock:</Anchor>
            <NodeRef refid="13"/>
		</Token>
		
		<Token>
			<TokenIdentifier>//apple_ref/occ/instm/MendeleyFilesAPI/deletedFilesSince:completionBlock:</TokenIdentifier>
			<Abstract type="html">   This method returns a list of files IDs that were permanently deleted. The list of deleted IDs will be kept on
   the server for a limited period of time.</Abstract>
			<DeclaredIn>MendeleyFilesAPI.h</DeclaredIn>
			
			<Declaration>- (void)deletedFilesSince:(NSDate *)deletedSince completionBlock:(MendeleyArrayCompletionBlock)completionBlock</Declaration>
			<Parameters>
				<Parameter>
					<Name>deletedSince</Name>
					<Abstract type="html">the parameter set to be used in the request
   @param completionBlock</Abstract>
				</Parameter>
			</Parameters>
			
			<Anchor>//api/name/deletedFilesSince:completionBlock:</Anchor>
            <NodeRef refid="13"/>
		</Token>
		
        
        
	</File>
</Tokens>