<?xml version="1.0" encoding="UTF-8"?>
<Tokens version="1.0">
	<File path="Classes/MendeleyConnectionReachability.html">
		
		<Token>
			<TokenIdentifier>//apple_ref/occ/cl/MendeleyConnectionReachability</TokenIdentifier>
			<Abstract type="html"></Abstract>
			<DeclaredIn>MendeleyConnectionReachability.h</DeclaredIn>
            
			
			<NodeRef refid="7"/>
		</Token>
		
		
		<Token>
			<TokenIdentifier>//apple_ref/occ/clm/MendeleyConnectionReachability/sharedInstance</TokenIdentifier>
			<Abstract type="html">   returns a singleton</Abstract>
			<DeclaredIn>MendeleyConnectionReachability.h</DeclaredIn>
			
			<Declaration>+ (MendeleyConnectionReachability *)sharedInstance</Declaration>
			
			
			<Anchor>//api/name/sharedInstance</Anchor>
            <NodeRef refid="7"/>
		</Token>
		
		<Token>
			<TokenIdentifier>//apple_ref/occ/instm/MendeleyConnectionReachability/isNetworkReachable</TokenIdentifier>
			<Abstract type="html">YES if an Internet connection is available, NO otherwise.</Abstract>
			<DeclaredIn>MendeleyConnectionReachability.h</DeclaredIn>
			
			<Declaration>- (BOOL)isNetworkReachable</Declaration>
			
			<ReturnValue><Abstract type="html">YES if an Internet connection is available, NO otherwise.</Abstract></ReturnValue>
			<Anchor>//api/name/isNetworkReachable</Anchor>
            <NodeRef refid="7"/>
		</Token>
		
		<Token>
			<TokenIdentifier>//apple_ref/occ/instm/MendeleyConnectionReachability/isWifiConnection</TokenIdentifier>
			<Abstract type="html">YES if the Internet connection is over WiFi, NO otherwise (2G,3G,4G, etc.).</Abstract>
			<DeclaredIn>MendeleyConnectionReachability.h</DeclaredIn>
			
			<Declaration>- (BOOL)isWifiConnection</Declaration>
			
			<ReturnValue><Abstract type="html">YES if the Internet connection is over WiFi, NO otherwise (2G,3G,4G, etc.).</Abstract></ReturnValue>
			<Anchor>//api/name/isWifiConnection</Anchor>
            <NodeRef refid="7"/>
		</Token>
		
		<Token>
			<TokenIdentifier>//apple_ref/occ/instm/MendeleyConnectionReachability/mendeleyServerIsReachableWithCompletionBlock:</TokenIdentifier>
			<Abstract type="html">   this method check the availability of the Mendeley Server
   @param completionBlock</Abstract>
			<DeclaredIn>MendeleyConnectionReachability.h</DeclaredIn>
			
			<Declaration>- (void)mendeleyServerIsReachableWithCompletionBlock:(MendeleyCompletionBlock)completionBlock</Declaration>
			
			
			<Anchor>//api/name/mendeleyServerIsReachableWithCompletionBlock:</Anchor>
            <NodeRef refid="7"/>
		</Token>
		
		<Token>
			<TokenIdentifier>//apple_ref/occ/instm/MendeleyConnectionReachability/mendeleyDocumentServiceIsReachableWithCompletionBlock:</TokenIdentifier>
			<Abstract type="html">   this method check the availability of the Mendeley Documents Endpoint
   @param completionBlock</Abstract>
			<DeclaredIn>MendeleyConnectionReachability.h</DeclaredIn>
			
			<Declaration>- (void)mendeleyDocumentServiceIsReachableWithCompletionBlock:(MendeleyCompletionBlock)completionBlock</Declaration>
			
			
			<Anchor>//api/name/mendeleyDocumentServiceIsReachableWithCompletionBlock:</Anchor>
            <NodeRef refid="7"/>
		</Token>
		
		<Token>
			<TokenIdentifier>//apple_ref/occ/instm/MendeleyConnectionReachability/mendeleyFolderServiceIsReachableWithCompletionBlock:</TokenIdentifier>
			<Abstract type="html">   this method check the availability of the Mendeley Folders Endpoint
   @param completionBlock</Abstract>
			<DeclaredIn>MendeleyConnectionReachability.h</DeclaredIn>
			
			<Declaration>- (void)mendeleyFolderServiceIsReachableWithCompletionBlock:(MendeleyCompletionBlock)completionBlock</Declaration>
			
			
			<Anchor>//api/name/mendeleyFolderServiceIsReachableWithCompletionBlock:</Anchor>
            <NodeRef refid="7"/>
		</Token>
		
		<Token>
			<TokenIdentifier>//apple_ref/occ/instm/MendeleyConnectionReachability/mendeleyAnnotationServiceIsReachableWithCompletionBlock:</TokenIdentifier>
			<Abstract type="html">   this method check the availability of the Mendeley Annotations Endpoint
   @param completionBlock</Abstract>
			<DeclaredIn>MendeleyConnectionReachability.h</DeclaredIn>
			
			<Declaration>- (void)mendeleyAnnotationServiceIsReachableWithCompletionBlock:(MendeleyCompletionBlock)completionBlock</Declaration>
			
			
			<Anchor>//api/name/mendeleyAnnotationServiceIsReachableWithCompletionBlock:</Anchor>
            <NodeRef refid="7"/>
		</Token>
		
		<Token>
			<TokenIdentifier>//apple_ref/occ/instm/MendeleyConnectionReachability/mendeleyGroupServiceIsReachableWithCompletionBlock:</TokenIdentifier>
			<Abstract type="html">   this method check the availability of the Mendeley Groups Endpoint
   @param completionBlock</Abstract>
			<DeclaredIn>MendeleyConnectionReachability.h</DeclaredIn>
			
			<Declaration>- (void)mendeleyGroupServiceIsReachableWithCompletionBlock:(MendeleyCompletionBlock)completionBlock</Declaration>
			
			
			<Anchor>//api/name/mendeleyGroupServiceIsReachableWithCompletionBlock:</Anchor>
            <NodeRef refid="7"/>
		</Token>
		
		<Token>
			<TokenIdentifier>//apple_ref/occ/instm/MendeleyConnectionReachability/mendeleyFileServiceIsReachableWithCompletionBlock:</TokenIdentifier>
			<Abstract type="html">   this method check the availability of the Mendeley Files Endpoint
   @param completionBlock</Abstract>
			<DeclaredIn>MendeleyConnectionReachability.h</DeclaredIn>
			
			<Declaration>- (void)mendeleyFileServiceIsReachableWithCompletionBlock:(MendeleyCompletionBlock)completionBlock</Declaration>
			
			
			<Anchor>//api/name/mendeleyFileServiceIsReachableWithCompletionBlock:</Anchor>
            <NodeRef refid="7"/>
		</Token>
		
        
        
	</File>
</Tokens>