<?xml version="1.0" encoding="UTF-8"?>
<Tokens version="1.0">
	<File path="Classes/MendeleyTask.html">
		
		<Token>
			<TokenIdentifier>//apple_ref/occ/cl/MendeleyTask</TokenIdentifier>
			<Abstract type="html"></Abstract>
			<DeclaredIn>MendeleyTask.h</DeclaredIn>
            
			
			<NodeRef refid="48"/>
		</Token>
		
		
		<Token>
			<TokenIdentifier>//apple_ref/occ/instm/MendeleyTask/initWithTaskID:</TokenIdentifier>
			<Abstract type="html">   @param taskID</Abstract>
			<DeclaredIn>MendeleyTask.h</DeclaredIn>
			
			<Declaration>- (instancetype)initWithTaskID:(NSString *)taskID</Declaration>
			
			<ReturnValue><Abstract type="html">an instance of type MendeleyCancellationRequest</Abstract></ReturnValue>
			<Anchor>//api/name/initWithTaskID:</Anchor>
            <NodeRef refid="48"/>
		</Token>
		
		<Token>
			<TokenIdentifier>//apple_ref/occ/instm/MendeleyTask/initWithRequestObject:</TokenIdentifier>
			<Abstract type="html">   @param taskObject</Abstract>
			<DeclaredIn>MendeleyTask.h</DeclaredIn>
			
			<Declaration>- (instancetype)initWithRequestObject:(id&lt;MendeleyCancellableRequest&gt;)requestObject</Declaration>
			
			<ReturnValue><Abstract type="html">a cancellable task/request object</Abstract></ReturnValue>
			<Anchor>//api/name/initWithRequestObject:</Anchor>
            <NodeRef refid="48"/>
		</Token>
		
        
        
	</File>
</Tokens>