<?xml version="1.0" encoding="UTF-8"?>
<Tokens version="1.0">
	<File path="Classes/MendeleyLog.html">
		
		<Token>
			<TokenIdentifier>//apple_ref/occ/cl/MendeleyLog</TokenIdentifier>
			<Abstract type="html"></Abstract>
			<DeclaredIn>MendeleyLog.h</DeclaredIn>
            
			
			<NodeRef refid="21"/>
		</Token>
		
		
		<Token>
			<TokenIdentifier>//apple_ref/occ/instm/MendeleyLog/setTemporaryLogQueue:</TokenIdentifier>
			<Abstract type="html">Internal activity logs queue. Readonly from outside.
A maximum number of 1000 logs are kept at one time. (including the logs from previous runs!)</Abstract>
			<DeclaredIn>MendeleyLog.h</DeclaredIn>
			
			<Declaration>@property (nonatomic, strong, readonly) NSMutableArray *temporaryLogQueue</Declaration>
			
			
			<Anchor>//api/name/temporaryLogQueue</Anchor>
            <NodeRef refid="21"/>
		</Token>
		
		<Token>
			<TokenIdentifier>//apple_ref/occ/instm/MendeleyLog/temporaryLogQueue</TokenIdentifier>
			<Abstract type="html">Internal activity logs queue. Readonly from outside.
A maximum number of 1000 logs are kept at one time. (including the logs from previous runs!)</Abstract>
			<DeclaredIn>MendeleyLog.h</DeclaredIn>
			
			<Declaration>@property (nonatomic, strong, readonly) NSMutableArray *temporaryLogQueue</Declaration>
			
			
			<Anchor>//api/name/temporaryLogQueue</Anchor>
            <NodeRef refid="21"/>
		</Token>
		
		<Token>
			<TokenIdentifier>//apple_ref/occ/instp/MendeleyLog/temporaryLogQueue</TokenIdentifier>
			<Abstract type="html">Internal activity logs queue. Readonly from outside.
A maximum number of 1000 logs are kept at one time. (including the logs from previous runs!)</Abstract>
			<DeclaredIn>MendeleyLog.h</DeclaredIn>
			
			<Declaration>@property (nonatomic, strong, readonly) NSMutableArray *temporaryLogQueue</Declaration>
			
			
			<Anchor>//api/name/temporaryLogQueue</Anchor>
            <NodeRef refid="21"/>
		</Token>
		
		<Token>
			<TokenIdentifier>//apple_ref/occ/instm/MendeleyLog/setConsoleLogFilters:</TokenIdentifier>
			<Abstract type="html">Use this dictionary to filter which log messages you&apos;d like to have printed on the console (they will always be written to disk).
   The keys are expected to be NSStrings - namely your domain names.
   The values should be the corresponding minimum log levels you want for each domain.
   There is a special domain name - defined as kMendeleyLogDomainAllDomains that will provide a certain threshold for all domains -
   any values set for a specific domain will overwrite this value. (e.g. it is possible to only log warnings for all domains except one, which might also log infos)
   If a domain is not found in the dictionary, all levels will be printed to the console for this domain.
   The example below will only print messages with level &apos;Warning&apos; or above for the domain &apos;my log domain&apos;.
   All other domains are unaffected.
   @code
   NSDictionary *filters = {@&quot;my log domain&quot; : @(kLogLevelWarning)};
   [[MendeleyLog sharedInstance] setConsoleLogFilters:filters];</Abstract>
			<DeclaredIn>MendeleyLog.h</DeclaredIn>
			
			<Declaration>@property (nonatomic, strong) NSDictionary *consoleLogFilters</Declaration>
			
			
			<Anchor>//api/name/consoleLogFilters</Anchor>
            <NodeRef refid="21"/>
		</Token>
		
		<Token>
			<TokenIdentifier>//apple_ref/occ/instm/MendeleyLog/consoleLogFilters</TokenIdentifier>
			<Abstract type="html">Use this dictionary to filter which log messages you&apos;d like to have printed on the console (they will always be written to disk).
   The keys are expected to be NSStrings - namely your domain names.
   The values should be the corresponding minimum log levels you want for each domain.
   There is a special domain name - defined as kMendeleyLogDomainAllDomains that will provide a certain threshold for all domains -
   any values set for a specific domain will overwrite this value. (e.g. it is possible to only log warnings for all domains except one, which might also log infos)
   If a domain is not found in the dictionary, all levels will be printed to the console for this domain.
   The example below will only print messages with level &apos;Warning&apos; or above for the domain &apos;my log domain&apos;.
   All other domains are unaffected.
   @code
   NSDictionary *filters = {@&quot;my log domain&quot; : @(kLogLevelWarning)};
   [[MendeleyLog sharedInstance] setConsoleLogFilters:filters];</Abstract>
			<DeclaredIn>MendeleyLog.h</DeclaredIn>
			
			<Declaration>@property (nonatomic, strong) NSDictionary *consoleLogFilters</Declaration>
			
			
			<Anchor>//api/name/consoleLogFilters</Anchor>
            <NodeRef refid="21"/>
		</Token>
		
		<Token>
			<TokenIdentifier>//apple_ref/occ/instp/MendeleyLog/consoleLogFilters</TokenIdentifier>
			<Abstract type="html">Use this dictionary to filter which log messages you&apos;d like to have printed on the console (they will always be written to disk).
   The keys are expected to be NSStrings - namely your domain names.
   The values should be the corresponding minimum log levels you want for each domain.
   There is a special domain name - defined as kMendeleyLogDomainAllDomains that will provide a certain threshold for all domains -
   any values set for a specific domain will overwrite this value. (e.g. it is possible to only log warnings for all domains except one, which might also log infos)
   If a domain is not found in the dictionary, all levels will be printed to the console for this domain.
   The example below will only print messages with level &apos;Warning&apos; or above for the domain &apos;my log domain&apos;.
   All other domains are unaffected.
   @code
   NSDictionary *filters = {@&quot;my log domain&quot; : @(kLogLevelWarning)};
   [[MendeleyLog sharedInstance] setConsoleLogFilters:filters];</Abstract>
			<DeclaredIn>MendeleyLog.h</DeclaredIn>
			
			<Declaration>@property (nonatomic, strong) NSDictionary *consoleLogFilters</Declaration>
			
			
			<Anchor>//api/name/consoleLogFilters</Anchor>
            <NodeRef refid="21"/>
		</Token>
		
		<Token>
			<TokenIdentifier>//apple_ref/occ/instm/MendeleyLog/logMessageWithDomainString:level:message:</TokenIdentifier>
			<Abstract type="html">* Logs a message using the given parameters
   @param domain
   @param level</Abstract>
			<DeclaredIn>MendeleyLog.h</DeclaredIn>
			
			<Declaration>- (void)logMessageWithDomainString:(NSString *)domain level:(MendeleyLogLevel)level message:(NSString *)format, ...</Declaration>
			<Parameters>
				<Parameter>
					<Name>format</Name>
					<Abstract type="html">(variable)</Abstract>
				</Parameter>
			</Parameters>
			
			<Anchor>//api/name/logMessageWithDomainString:level:message:</Anchor>
            <NodeRef refid="21"/>
		</Token>
		
		<Token>
			<TokenIdentifier>//apple_ref/occ/instm/MendeleyLog/logMessageWithDomainString:error:</TokenIdentifier>
			<Abstract type="html">* Logs an error message using the given error object
   @param domain
   @param error</Abstract>
			<DeclaredIn>MendeleyLog.h</DeclaredIn>
			
			<Declaration>- (void)logMessageWithDomainString:(NSString *)domain error:(NSError *)error</Declaration>
			
			
			<Anchor>//api/name/logMessageWithDomainString:error:</Anchor>
            <NodeRef refid="21"/>
		</Token>
		
		<Token>
			<TokenIdentifier>//apple_ref/occ/instm/MendeleyLog/createFormattedActivityLogFileAndExportURL</TokenIdentifier>
			<Abstract type="html">the URL for a temp file ready to be sent via mail</Abstract>
			<DeclaredIn>MendeleyLog.h</DeclaredIn>
			
			<Declaration>- (NSURL *)createFormattedActivityLogFileAndExportURL</Declaration>
			
			<ReturnValue><Abstract type="html">the URL for a temp file ready to be sent via mail</Abstract></ReturnValue>
			<Anchor>//api/name/createFormattedActivityLogFileAndExportURL</Anchor>
            <NodeRef refid="21"/>
		</Token>
		
		<Token>
			<TokenIdentifier>//apple_ref/occ/instm/MendeleyLog/cleanExportedLogFile</TokenIdentifier>
			<Abstract type="html">delete the temp file</Abstract>
			<DeclaredIn>MendeleyLog.h</DeclaredIn>
			
			<Declaration>- (void)cleanExportedLogFile</Declaration>
			
			
			<Anchor>//api/name/cleanExportedLogFile</Anchor>
            <NodeRef refid="21"/>
		</Token>
		
		<Token>
			<TokenIdentifier>//apple_ref/occ/instm/MendeleyLog/addUserInfoToPersistentLog:</TokenIdentifier>
			<Abstract type="html">* Allow to the client to insert info about current device and user
   @param deviceInfoDict</Abstract>
			<DeclaredIn>MendeleyLog.h</DeclaredIn>
			
			<Declaration>- (void)addUserInfoToPersistentLog:(NSDictionary *)deviceInfoDict</Declaration>
			
			
			<Anchor>//api/name/addUserInfoToPersistentLog:</Anchor>
            <NodeRef refid="21"/>
		</Token>
		
		<Token>
			<TokenIdentifier>//apple_ref/occ/instm/MendeleyLog/writeNewErrorsLogsToDisk</TokenIdentifier>
			<Abstract type="html">This Method save new errors persistently</Abstract>
			<DeclaredIn>MendeleyLog.h</DeclaredIn>
			
			<Declaration>- (void)writeNewErrorsLogsToDisk</Declaration>
			
			
			<Anchor>//api/name/writeNewErrorsLogsToDisk</Anchor>
            <NodeRef refid="21"/>
		</Token>
		
        
        
	</File>
</Tokens>