<?xml version="1.0" encoding="UTF-8"?>
<Tokens version="1.0">
	<File path="Classes/MendeleySyncInfo.html">
		
		<Token>
			<TokenIdentifier>//apple_ref/occ/cl/MendeleySyncInfo</TokenIdentifier>
			<Abstract type="html"></Abstract>
			<DeclaredIn>MendeleySyncInfo.h</DeclaredIn>
            
			
			<NodeRef refid="45"/>
		</Token>
		
		
		<Token>
			<TokenIdentifier>//apple_ref/occ/instm/MendeleySyncInfo/initWithAllHeaderFields:</TokenIdentifier>
			<Abstract type="html">   creates a sync header out of an HTTP header
   @param allHeaderFields</Abstract>
			<DeclaredIn>MendeleySyncInfo.h</DeclaredIn>
			
			<Declaration>- (id)initWithAllHeaderFields:(NSDictionary *)allHeaderFields</Declaration>
			
			
			<Anchor>//api/name/initWithAllHeaderFields:</Anchor>
            <NodeRef refid="45"/>
		</Token>
		
        
        
	</File>
</Tokens>