<?xml version="1.0" encoding="UTF-8"?>
<Tokens version="1.0">
	<File path="Classes/MendeleyProfilesAPI.html">
		
		<Token>
			<TokenIdentifier>//apple_ref/occ/cl/MendeleyProfilesAPI</TokenIdentifier>
			<Abstract type="html"></Abstract>
			<DeclaredIn>MendeleyProfilesAPI.h</DeclaredIn>
            
			
			<NodeRef refid="39"/>
		</Token>
		
		
		<Token>
			<TokenIdentifier>//apple_ref/occ/instm/MendeleyProfilesAPI/pullMyProfileWithTask:completionBlock:</TokenIdentifier>
			<Abstract type="html">   Pulls the users profile
   @param task
   @param completionBlock</Abstract>
			<DeclaredIn>MendeleyProfilesAPI.h</DeclaredIn>
			
			<Declaration>- (void)pullMyProfileWithTask:(MendeleyTask *)task completionBlock:(MendeleyObjectCompletionBlock)completionBlock</Declaration>
			
			
			<Anchor>//api/name/pullMyProfileWithTask:completionBlock:</Anchor>
            <NodeRef refid="39"/>
		</Token>
		
		<Token>
			<TokenIdentifier>//apple_ref/occ/instm/MendeleyProfilesAPI/pullProfile:task:completionBlock:</TokenIdentifier>
			<Abstract type="html">   Pulls the profile of a user with a given ID
   @param profileID
   @param task
   @param completionBlock</Abstract>
			<DeclaredIn>MendeleyProfilesAPI.h</DeclaredIn>
			
			<Declaration>- (void)pullProfile:(NSString *)profileID task:(MendeleyTask *)task completionBlock:(MendeleyObjectCompletionBlock)completionBlock</Declaration>
			
			
			<Anchor>//api/name/pullProfile:task:completionBlock:</Anchor>
            <NodeRef refid="39"/>
		</Token>
		
        
        
	</File>
</Tokens>