<?xml version="1.0" encoding="UTF-8"?>
<Tokens version="1.0">
	<File path="Classes/MendeleyNetworkDownloadTask.html">
		
		<Token>
			<TokenIdentifier>//apple_ref/occ/cl/MendeleyNetworkDownloadTask</TokenIdentifier>
			<Abstract type="html"></Abstract>
			<DeclaredIn>MendeleyNetworkTask.h</DeclaredIn>
            
			
			<NodeRef refid="29"/>
		</Token>
		
		
		<Token>
			<TokenIdentifier>//apple_ref/occ/instm/MendeleyNetworkDownloadTask/initDownloadTaskWithRequest:session:fileURL:progressBlock:completionBlock:</TokenIdentifier>
			<Abstract type="html">   initialises a MendeleyNetworkDownloadTask
   @param request
   @param session</Abstract>
			<DeclaredIn>MendeleyNetworkTask.h</DeclaredIn>
			
			<Declaration>- (instancetype)initDownloadTaskWithRequest:(NSURLRequest *)request session:(NSURLSession *)session fileURL:(NSURL *)fileURL progressBlock:(MendeleyResponseProgressBlock)progressBlock completionBlock:(MendeleyResponseCompletionBlock)completionBlock</Declaration>
			<Parameters>
				<Parameter>
					<Name>fileURL</Name>
					<Abstract type="html">- download file location
   @param progressBlock
   @param completionBlock</Abstract>
				</Parameter>
			</Parameters>
			
			<Anchor>//api/name/initDownloadTaskWithRequest:session:fileURL:progressBlock:completionBlock:</Anchor>
            <NodeRef refid="29"/>
		</Token>
		
		<Token>
			<TokenIdentifier>//apple_ref/occ/instm/MendeleyNetworkDownloadTask/addRealDownloadTask:</TokenIdentifier>
			<Abstract type="html">   Adds a NSURLSessionDownloadTask to the object for execution
   @param downloadTask</Abstract>
			<DeclaredIn>MendeleyNetworkTask.h</DeclaredIn>
			
			<Declaration>- (void)addRealDownloadTask:(NSURLSessionDownloadTask *)downloadTask</Declaration>
			
			
			<Anchor>//api/name/addRealDownloadTask:</Anchor>
            <NodeRef refid="29"/>
		</Token>
		
        
        
	</File>
</Tokens>