<?xml version="1.0" encoding="UTF-8"?>
<Tokens version="1.0">
	<File path="Classes/MendeleyNSURLRequestUploadHelper.html">
		
		<Token>
			<TokenIdentifier>//apple_ref/occ/cl/MendeleyNSURLRequestUploadHelper</TokenIdentifier>
			<Abstract type="html"></Abstract>
			<DeclaredIn>MendeleyNSURLRequestUploadHelper.h</DeclaredIn>
            
			
			<NodeRef refid="32"/>
		</Token>
		
		
		<Token>
			<TokenIdentifier>//apple_ref/occ/instm/MendeleyNSURLRequestUploadHelper/initWithMendeleyRequest:fromFileURL:progressBlock:completionBlock:</TokenIdentifier>
			<Abstract type="html">the request object holding all info we need to start NSURLConnection</Abstract>
			<DeclaredIn>MendeleyNSURLRequestUploadHelper.h</DeclaredIn>
			
			<Declaration>- (id)initWithMendeleyRequest:(MendeleyRequest *)mendeleyRequest fromFileURL:(NSURL *)fromFileURL progressBlock:(MendeleyResponseProgressBlock)progressBlock completionBlock:(MendeleyResponseCompletionBlock)completionBlock</Declaration>
			<Parameters>
				<Parameter>
					<Name>mendeleyRequest</Name>
					<Abstract type="html">the request object holding all info we need to start NSURLConnection</Abstract>
				</Parameter><Parameter>
					<Name>fromFileURL</Name>
					<Abstract type="html">the location to be uploaded from</Abstract>
				</Parameter><Parameter>
					<Name>progressBlock</Name>
					<Abstract type="html">a callback block for monitoring progress. Optional</Abstract>
				</Parameter><Parameter>
					<Name>completionBlock</Name>
					<Abstract type="html">the completion handling block. Required</Abstract>
				</Parameter>
			</Parameters>
			
			<Anchor>//api/name/initWithMendeleyRequest:fromFileURL:progressBlock:completionBlock:</Anchor>
            <NodeRef refid="32"/>
		</Token>
		
        
        
	</File>
</Tokens>