<?xml version="1.0" encoding="UTF-8"?>
<Tokens version="1.0">
	<File path="Protocols/MendeleyOAuthProvider.html">
		
		<Token>
			<TokenIdentifier>//apple_ref/occ/intf/MendeleyOAuthProvider</TokenIdentifier>
			<Abstract type="html"></Abstract>
			<DeclaredIn>MendeleyOAuthProvider.h</DeclaredIn>
            
			
			<NodeRef refid="60"/>
		</Token>
		
		
		<Token>
			<TokenIdentifier>//apple_ref/occ/intfm/MendeleyOAuthProvider/authenticateWithUserName:password:completionBlock:</TokenIdentifier>
			<Abstract type="html">   Some registered clients may be able to authenticate directly using username/password - instead of
   going through the login web-site.
   @param username
   @param password
   @param completionBlock</Abstract>
			<DeclaredIn>MendeleyOAuthProvider.h</DeclaredIn>
			
			<Declaration>- (void)authenticateWithUserName:(NSString *)username password:(NSString *)password completionBlock:(MendeleyCompletionBlock)completionBlock</Declaration>
			
			
			<Anchor>//api/name/authenticateWithUserName:password:completionBlock:</Anchor>
            <NodeRef refid="60"/>
		</Token>
		
		<Token>
			<TokenIdentifier>//apple_ref/occ/intfm/MendeleyOAuthProvider/authenticateWithAuthenticationCode:completionBlock:</TokenIdentifier>
			<Abstract type="html">   used when logging into Mendeley. The completion block returns the OAuth credentials - or nil
   if unsuccessful. When nil, an error object will be provided.
   Threading note: authentication methods are used at login time, typically, from a view controller. It is assumed
   the method is being called on the main thread.
   @param authenticationCode
   @param completionBlock</Abstract>
			<DeclaredIn>MendeleyOAuthProvider.h</DeclaredIn>
			
			<Declaration>- (void)authenticateWithAuthenticationCode:(NSString *)authenticationCode completionBlock:(MendeleyOAuthCompletionBlock)completionBlock</Declaration>
			
			
			<Anchor>//api/name/authenticateWithAuthenticationCode:completionBlock:</Anchor>
            <NodeRef refid="60"/>
		</Token>
		
		<Token>
			<TokenIdentifier>//apple_ref/occ/intfm/MendeleyOAuthProvider/refreshTokenWithOAuthCredentials:completionBlock:</TokenIdentifier>
			<Abstract type="html">   used when refreshing the access token. The completion block returns the OAuth credentials - or nil
   if unsuccessful. When nil, an error object will be provided.
   Threading note: refresh maybe handled on main as well as background thread.</Abstract>
			<DeclaredIn>MendeleyOAuthProvider.h</DeclaredIn>
			
			<Declaration>- (void)refreshTokenWithOAuthCredentials:(MendeleyOAuthCredentials *)credentials completionBlock:(MendeleyOAuthCompletionBlock)completionBlock</Declaration>
			<Parameters>
				<Parameter>
					<Name>credentials</Name>
					<Abstract type="html">the current credentials (to be updated with the refresh)
   @param completionBlock</Abstract>
				</Parameter>
			</Parameters>
			
			<Anchor>//api/name/refreshTokenWithOAuthCredentials:completionBlock:</Anchor>
            <NodeRef refid="60"/>
		</Token>
		
		<Token>
			<TokenIdentifier>//apple_ref/occ/intfm/MendeleyOAuthProvider/urlStringIsRedirectURI:</TokenIdentifier>
			<Abstract type="html">   checks if the url string given is the Redirect URL
   @param urlString</Abstract>
			<DeclaredIn>MendeleyOAuthProvider.h</DeclaredIn>
			
			<Declaration>- (BOOL)urlStringIsRedirectURI:(NSString *)urlString</Declaration>
			
			<ReturnValue><Abstract type="html">YES if it is URL string</Abstract></ReturnValue>
			<Anchor>//api/name/urlStringIsRedirectURI:</Anchor>
            <NodeRef refid="60"/>
		</Token>
		
        
        
	</File>
</Tokens>