<?xml version="1.0" encoding="UTF-8"?>
<Tokens version="1.0">
	<File path="Classes/MendeleyOAuthStore.html">
		
		<Token>
			<TokenIdentifier>//apple_ref/occ/cl/MendeleyOAuthStore</TokenIdentifier>
			<Abstract type="html"></Abstract>
			<DeclaredIn>MendeleyOAuthStore.h</DeclaredIn>
            
			
			<NodeRef refid="28"/>
		</Token>
		
		
		<Token>
			<TokenIdentifier>//apple_ref/occ/instm/MendeleyOAuthStore/storeOAuthCredentials:</TokenIdentifier>
			<Abstract type="html">to be stored in keychain</Abstract>
			<DeclaredIn>MendeleyOAuthStore.h</DeclaredIn>
			
			<Declaration>- (BOOL)storeOAuthCredentials:(MendeleyOAuthCredentials *)credentials</Declaration>
			<Parameters>
				<Parameter>
					<Name>credentials</Name>
					<Abstract type="html">to be stored in keychain</Abstract>
				</Parameter>
			</Parameters>
			<ReturnValue><Abstract type="html">YES if successful</Abstract></ReturnValue>
			<Anchor>//api/name/storeOAuthCredentials:</Anchor>
            <NodeRef refid="28"/>
		</Token>
		
		<Token>
			<TokenIdentifier>//apple_ref/occ/instm/MendeleyOAuthStore/removeOAuthCredentials</TokenIdentifier>
			<Abstract type="html">YES if removal of oauthdata from Keychain was successful</Abstract>
			<DeclaredIn>MendeleyOAuthStore.h</DeclaredIn>
			
			<Declaration>- (BOOL)removeOAuthCredentials</Declaration>
			
			<ReturnValue><Abstract type="html">YES if removal of oauthdata from Keychain was successful</Abstract></ReturnValue>
			<Anchor>//api/name/removeOAuthCredentials</Anchor>
            <NodeRef refid="28"/>
		</Token>
		
		<Token>
			<TokenIdentifier>//apple_ref/occ/instm/MendeleyOAuthStore/retrieveOAuthCredentials</TokenIdentifier>
			<Abstract type="html">oauthData from keychain or nil if unsuccessful</Abstract>
			<DeclaredIn>MendeleyOAuthStore.h</DeclaredIn>
			
			<Declaration>- (MendeleyOAuthCredentials *)retrieveOAuthCredentials</Declaration>
			
			<ReturnValue><Abstract type="html">oauthData from keychain or nil if unsuccessful</Abstract></ReturnValue>
			<Anchor>//api/name/retrieveOAuthCredentials</Anchor>
            <NodeRef refid="28"/>
		</Token>
		
        
        
	</File>
</Tokens>