<?xml version="1.0" encoding="UTF-8"?>
<Tokens version="1.0">
	<File path="Classes/MendeleyAnnotationsAPI.html">
		
		<Token>
			<TokenIdentifier>//apple_ref/occ/cl/MendeleyAnnotationsAPI</TokenIdentifier>
			<Abstract type="html"></Abstract>
			<DeclaredIn>MendeleyAnnotationsAPI.h</DeclaredIn>
            
			
			<NodeRef refid="2"/>
		</Token>
		
		
		<Token>
			<TokenIdentifier>//apple_ref/occ/instm/MendeleyAnnotationsAPI/annotationWithAnnotationID:completionBlock:</TokenIdentifier>
			<Abstract type="html">   @param annotationID
   @param completionBlock</Abstract>
			<DeclaredIn>MendeleyAnnotationsAPI.h</DeclaredIn>
			
			<Declaration>- (void)annotationWithAnnotationID:(NSString *)annotationID completionBlock:(MendeleyObjectCompletionBlock)completionBlock</Declaration>
			
			
			<Anchor>//api/name/annotationWithAnnotationID:completionBlock:</Anchor>
            <NodeRef refid="2"/>
		</Token>
		
		<Token>
			<TokenIdentifier>//apple_ref/occ/instm/MendeleyAnnotationsAPI/deleteAnnotationWithID:completionBlock:</TokenIdentifier>
			<Abstract type="html">   @param annotationID
   @param completionBlock</Abstract>
			<DeclaredIn>MendeleyAnnotationsAPI.h</DeclaredIn>
			
			<Declaration>- (void)deleteAnnotationWithID:(NSString *)annotationID completionBlock:(MendeleyCompletionBlock)completionBlock</Declaration>
			
			
			<Anchor>//api/name/deleteAnnotationWithID:completionBlock:</Anchor>
            <NodeRef refid="2"/>
		</Token>
		
		<Token>
			<TokenIdentifier>//apple_ref/occ/instm/MendeleyAnnotationsAPI/updateAnnotation:completionBlock:</TokenIdentifier>
			<Abstract type="html">   @param updatedMendeleyAnnotation
   @param completionBlock</Abstract>
			<DeclaredIn>MendeleyAnnotationsAPI.h</DeclaredIn>
			
			<Declaration>- (void)updateAnnotation:(MendeleyAnnotation *)updatedMendeleyAnnotation completionBlock:(MendeleyObjectCompletionBlock)completionBlock</Declaration>
			
			
			<Anchor>//api/name/updateAnnotation:completionBlock:</Anchor>
            <NodeRef refid="2"/>
		</Token>
		
		<Token>
			<TokenIdentifier>//apple_ref/occ/instm/MendeleyAnnotationsAPI/createAnnotation:completionBlock:</TokenIdentifier>
			<Abstract type="html">   @param mendeleyAnnotation
   @param completionBlock</Abstract>
			<DeclaredIn>MendeleyAnnotationsAPI.h</DeclaredIn>
			
			<Declaration>- (void)createAnnotation:(MendeleyAnnotation *)mendeleyAnnotation completionBlock:(MendeleyObjectCompletionBlock)completionBlock</Declaration>
			
			
			<Anchor>//api/name/createAnnotation:completionBlock:</Anchor>
            <NodeRef refid="2"/>
		</Token>
		
		<Token>
			<TokenIdentifier>//apple_ref/occ/instm/MendeleyAnnotationsAPI/annotationListWithLinkedURL:completionBlock:</TokenIdentifier>
			<Abstract type="html">   @param linkURL
   @param completionBlock</Abstract>
			<DeclaredIn>MendeleyAnnotationsAPI.h</DeclaredIn>
			
			<Declaration>- (void)annotationListWithLinkedURL:(NSURL *)linkURL completionBlock:(MendeleyArrayCompletionBlock)completionBlock</Declaration>
			
			
			<Anchor>//api/name/annotationListWithLinkedURL:completionBlock:</Anchor>
            <NodeRef refid="2"/>
		</Token>
		
		<Token>
			<TokenIdentifier>//apple_ref/occ/instm/MendeleyAnnotationsAPI/annotationListWithQueryParameters:completionBlock:</TokenIdentifier>
			<Abstract type="html">   @param queryParameters
   @param completionBlock</Abstract>
			<DeclaredIn>MendeleyAnnotationsAPI.h</DeclaredIn>
			
			<Declaration>- (void)annotationListWithQueryParameters:(MendeleyAnnotationParameters *)queryParameters completionBlock:(MendeleyArrayCompletionBlock)completionBlock</Declaration>
			
			
			<Anchor>//api/name/annotationListWithQueryParameters:completionBlock:</Anchor>
            <NodeRef refid="2"/>
		</Token>
		
		<Token>
			<TokenIdentifier>//apple_ref/occ/instm/MendeleyAnnotationsAPI/deletedAnnotationsSince:completionBlock:</TokenIdentifier>
			<Abstract type="html">   This method returns a list of annotations IDs that were permanently deleted. The list of deleted IDs will be kept on
   the server for a limited period of time.</Abstract>
			<DeclaredIn>MendeleyAnnotationsAPI.h</DeclaredIn>
			
			<Declaration>- (void)deletedAnnotationsSince:(NSDate *)deletedSince completionBlock:(MendeleyArrayCompletionBlock)completionBlock</Declaration>
			<Parameters>
				<Parameter>
					<Name>deletedSince</Name>
					<Abstract type="html">the parameter set to be used in the request
   @param completionBlock</Abstract>
				</Parameter>
			</Parameters>
			
			<Anchor>//api/name/deletedAnnotationsSince:completionBlock:</Anchor>
            <NodeRef refid="2"/>
		</Token>
		
        
        
	</File>
</Tokens>