<?xml version="1.0" encoding="UTF-8"?>
<Tokens version="1.0">
	<File path="Classes/MendeleySimpleNetworkTask.html">
		
		<Token>
			<TokenIdentifier>//apple_ref/occ/cl/MendeleySimpleNetworkTask</TokenIdentifier>
			<Abstract type="html"></Abstract>
			<DeclaredIn>MendeleySimpleNetworkTask.h</DeclaredIn>
            
			
			<NodeRef refid="44"/>
		</Token>
		
		
		<Token>
			<TokenIdentifier>//apple_ref/occ/instm/MendeleySimpleNetworkTask/initWithSessionTask:completionBlock:</TokenIdentifier>
			<Abstract type="html">   creates a simple network task based on a NSURLSession object
   @param sessionTask
   @param completionBlock</Abstract>
			<DeclaredIn>MendeleySimpleNetworkTask.h</DeclaredIn>
			
			<Declaration>- (instancetype)initWithSessionTask:(NSURLSessionTask *)sessionTask completionBlock:(MendeleyResponseCompletionBlock)completionBlock</Declaration>
			
			
			<Anchor>//api/name/initWithSessionTask:completionBlock:</Anchor>
            <NodeRef refid="44"/>
		</Token>
		
        
        
	</File>
</Tokens>