<?xml version="1.0" encoding="UTF-8"?>
<Tokens version="1.0">
	<File path="Classes/MendeleyDataHelper.html">
		
		<Token>
			<TokenIdentifier>//apple_ref/occ/cl/MendeleyDataHelper</TokenIdentifier>
			<Abstract type="html"></Abstract>
			<DeclaredIn>MendeleyDataHelper.h</DeclaredIn>
            
			
			<NodeRef refid="7"/>
		</Token>
		
		
		<Token>
			<TokenIdentifier>//apple_ref/occ/instm/MendeleyDataHelper/URLSession:dataTask:didReceiveResponse:completionHandler:</TokenIdentifier>
			<Abstract type="html">   @param session
   @param dataTask
   @param response
   @param completionHandler</Abstract>
			<DeclaredIn>MendeleyDataHelper.h</DeclaredIn>
			
			<Declaration>- (void)URLSession:(NSURLSession *)session dataTask:(MendeleyNetworkTask *)dataTask didReceiveResponse:(NSURLResponse *)response completionHandler:(void ( ^ ) ( NSURLSessionResponseDisposition ))completionHandler</Declaration>
			
			
			<Anchor>//api/name/URLSession:dataTask:didReceiveResponse:completionHandler:</Anchor>
            <NodeRef refid="7"/>
		</Token>
		
		<Token>
			<TokenIdentifier>//apple_ref/occ/instm/MendeleyDataHelper/URLSession:task:didCompleteWithError:</TokenIdentifier>
			<Abstract type="html">   @param session
   @param task
   @param error</Abstract>
			<DeclaredIn>MendeleyDataHelper.h</DeclaredIn>
			
			<Declaration>- (void)URLSession:(NSURLSession *)session task:(MendeleyNetworkTask *)task didCompleteWithError:(NSError *)error</Declaration>
			
			
			<Anchor>//api/name/URLSession:task:didCompleteWithError:</Anchor>
            <NodeRef refid="7"/>
		</Token>
		
        
        
	</File>
</Tokens>