<?xml version="1.0" encoding="UTF-8"?>
<Tokens version="1.0">
	<File path="Classes/MendeleyImage.html">
		
		<Token>
			<TokenIdentifier>//apple_ref/occ/cl/MendeleyImage</TokenIdentifier>
			<Abstract type="html"></Abstract>
			<DeclaredIn>MendeleyProfile.h</DeclaredIn>
            
			
			<NodeRef refid="20"/>
		</Token>
		
		
		<Token>
			<TokenIdentifier>//apple_ref/occ/instm/MendeleyImage/setOriginal:</TokenIdentifier>
			<Abstract type="html">   a boolean flag indicating whether this is the original image
   not to be confused with a property of the same name in
   MendeleyPhoto</Abstract>
			<DeclaredIn>MendeleyProfile.h</DeclaredIn>
			
			<Declaration>@property (nonatomic, strong) NSNumber *original</Declaration>
			
			
			<Anchor>//api/name/original</Anchor>
            <NodeRef refid="20"/>
		</Token>
		
		<Token>
			<TokenIdentifier>//apple_ref/occ/instm/MendeleyImage/original</TokenIdentifier>
			<Abstract type="html">   a boolean flag indicating whether this is the original image
   not to be confused with a property of the same name in
   MendeleyPhoto</Abstract>
			<DeclaredIn>MendeleyProfile.h</DeclaredIn>
			
			<Declaration>@property (nonatomic, strong) NSNumber *original</Declaration>
			
			
			<Anchor>//api/name/original</Anchor>
            <NodeRef refid="20"/>
		</Token>
		
		<Token>
			<TokenIdentifier>//apple_ref/occ/instp/MendeleyImage/original</TokenIdentifier>
			<Abstract type="html">   a boolean flag indicating whether this is the original image
   not to be confused with a property of the same name in
   MendeleyPhoto</Abstract>
			<DeclaredIn>MendeleyProfile.h</DeclaredIn>
			
			<Declaration>@property (nonatomic, strong) NSNumber *original</Declaration>
			
			
			<Anchor>//api/name/original</Anchor>
            <NodeRef refid="20"/>
		</Token>
		
        
        
	</File>
</Tokens>