<?xml version="1.0" encoding="UTF-8"?>
<Tokens version="1.0">
	<File path="Classes/MendeleyRequest.html">
		
		<Token>
			<TokenIdentifier>//apple_ref/occ/cl/MendeleyRequest</TokenIdentifier>
			<Abstract type="html"></Abstract>
			<DeclaredIn>MendeleyRequest.h</DeclaredIn>
            
			
			<NodeRef refid="46"/>
		</Token>
		
		
		<Token>
			<TokenIdentifier>//apple_ref/occ/clm/MendeleyRequest/requestWithBaseURL:api:requestType:</TokenIdentifier>
			<Abstract type="html">   requestWithBaseURL
   Generates a basic container for MendeleyRequest
   @param baseURL</Abstract>
			<DeclaredIn>MendeleyRequest.h</DeclaredIn>
			
			<Declaration>+ (MendeleyRequest *)requestWithBaseURL:(NSURL *)baseURL api:(NSString *)api requestType:(MendeleyHTTPRequestType)requestType</Declaration>
			<Parameters>
				<Parameter>
					<Name>api</Name>
					<Abstract type="html">- if nil, then it is assumed that the baseURL gives the full path
   @param requestType</Abstract>
				</Parameter>
			</Parameters>
			<ReturnValue><Abstract type="html">a MendeleyRequest with a basic NSURLRequest property</Abstract></ReturnValue>
			<Anchor>//api/name/requestWithBaseURL:api:requestType:</Anchor>
            <NodeRef refid="46"/>
		</Token>
		
		<Token>
			<TokenIdentifier>//apple_ref/occ/clm/MendeleyRequest/authenticatedRequestWithBaseURL:api:requestType:</TokenIdentifier>
			<Abstract type="html">   requestWithBaseURL
   Generates a basic authenticated container for MendeleyRequest
   @param baseURL</Abstract>
			<DeclaredIn>MendeleyRequest.h</DeclaredIn>
			
			<Declaration>+ (MendeleyRequest *)authenticatedRequestWithBaseURL:(NSURL *)baseURL api:(NSString *)api requestType:(MendeleyHTTPRequestType)requestType</Declaration>
			<Parameters>
				<Parameter>
					<Name>api</Name>
					<Abstract type="html">- if nil, then it is assumed that the baseURL gives the full path
   @param requestType</Abstract>
				</Parameter>
			</Parameters>
			<ReturnValue><Abstract type="html">a MendeleyRequest with a basic authenticated NSURLRequest property</Abstract></ReturnValue>
			<Anchor>//api/name/authenticatedRequestWithBaseURL:api:requestType:</Anchor>
            <NodeRef refid="46"/>
		</Token>
		
		<Token>
			<TokenIdentifier>//apple_ref/occ/instm/MendeleyRequest/addParametersToURL:isQuery:</TokenIdentifier>
			<Abstract type="html">   add parameters to the URL</Abstract>
			<DeclaredIn>MendeleyRequest.h</DeclaredIn>
			
			<Declaration>- (void)addParametersToURL:(NSDictionary *)parameters isQuery:(BOOL)isQuery</Declaration>
			<Parameters>
				<Parameter>
					<Name>parameters</Name>
					<Abstract type="html">a dictionary of parameters to be added to the URL Request</Abstract>
				</Parameter><Parameter>
					<Name>isQuery</Name>
					<Abstract type="html">if true the URL will take the form &lt;HTTP&gt;://baseURL/api?parameter list</Abstract>
				</Parameter>
			</Parameters>
			
			<Anchor>//api/name/addParametersToURL:isQuery:</Anchor>
            <NodeRef refid="46"/>
		</Token>
		
		<Token>
			<TokenIdentifier>//apple_ref/occ/instm/MendeleyRequest/addHeaderWithParameters:</TokenIdentifier>
			<Abstract type="html">   adds a header to the request
   @param headerParameters</Abstract>
			<DeclaredIn>MendeleyRequest.h</DeclaredIn>
			
			<Declaration>- (void)addHeaderWithParameters:(NSDictionary *)headerParameters</Declaration>
			
			
			<Anchor>//api/name/addHeaderWithParameters:</Anchor>
            <NodeRef refid="46"/>
		</Token>
		
		<Token>
			<TokenIdentifier>//apple_ref/occ/instm/MendeleyRequest/addBodyWithParameters:isJSON:</TokenIdentifier>
			<Abstract type="html">   adds a list of parameters to the request body.
   Note: this method should only be used when adding JSON (or similar) request parameters to the body instead of
   header. It must NOT be used for uploading data
   @param bodyParameters
   @param isJSON</Abstract>
			<DeclaredIn>MendeleyRequest.h</DeclaredIn>
			
			<Declaration>- (void)addBodyWithParameters:(NSDictionary *)bodyParameters isJSON:(BOOL)isJSON</Declaration>
			
			
			<Anchor>//api/name/addBodyWithParameters:isJSON:</Anchor>
            <NodeRef refid="46"/>
		</Token>
		
		<Token>
			<TokenIdentifier>//apple_ref/occ/instm/MendeleyRequest/addBodyData:</TokenIdentifier>
			<Abstract type="html">   adds body data to the request</Abstract>
			<DeclaredIn>MendeleyRequest.h</DeclaredIn>
			
			<Declaration>- (void)addBodyData:(NSData *)data</Declaration>
			
			
			<Anchor>//api/name/addBodyData:</Anchor>
            <NodeRef refid="46"/>
		</Token>
		
        
        
	</File>
</Tokens>