<?xml version="1.0" encoding="UTF-8"?>
<Tokens version="1.0">
	<File path="Classes/MendeleyDocumentsAPI.html">
		
		<Token>
			<TokenIdentifier>//apple_ref/occ/cl/MendeleyDocumentsAPI</TokenIdentifier>
			<Abstract type="html"></Abstract>
			<DeclaredIn>MendeleyDocumentsAPI.h</DeclaredIn>
            
			
			<NodeRef refid="10"/>
		</Token>
		
		
		<Token>
			<TokenIdentifier>//apple_ref/occ/instm/MendeleyDocumentsAPI/documentListWithLinkedURL:task:completionBlock:</TokenIdentifier>
			<Abstract type="html">   This method is only used when paging through a list of documents on the server.
   All required parameters are provided in the linkURL, which should not be modified</Abstract>
			<DeclaredIn>MendeleyDocumentsAPI.h</DeclaredIn>
			
			<Declaration>- (void)documentListWithLinkedURL:(NSURL *)linkURL task:(MendeleyTask *)task completionBlock:(MendeleyArrayCompletionBlock)completionBlock</Declaration>
			<Parameters>
				<Parameter>
					<Name>linkURL</Name>
					<Abstract type="html">the full HTTP link to the document listings page
   @param task
   @param completionBlock</Abstract>
				</Parameter>
			</Parameters>
			
			<Anchor>//api/name/documentListWithLinkedURL:task:completionBlock:</Anchor>
            <NodeRef refid="10"/>
		</Token>
		
		<Token>
			<TokenIdentifier>//apple_ref/occ/instm/MendeleyDocumentsAPI/documentListWithQueryParameters:task:completionBlock:</TokenIdentifier>
			<Abstract type="html">   obtains a list of documents for the first page.</Abstract>
			<DeclaredIn>MendeleyDocumentsAPI.h</DeclaredIn>
			
			<Declaration>- (void)documentListWithQueryParameters:(MendeleyDocumentParameters *)queryParameters task:(MendeleyTask *)task completionBlock:(MendeleyArrayCompletionBlock)completionBlock</Declaration>
			<Parameters>
				<Parameter>
					<Name>parameters</Name>
					<Abstract type="html">the parameter set to be used in the request
   @param task
   @param completionBlock</Abstract>
				</Parameter>
			</Parameters>
			
			<Anchor>//api/name/documentListWithQueryParameters:task:completionBlock:</Anchor>
            <NodeRef refid="10"/>
		</Token>
		
		<Token>
			<TokenIdentifier>//apple_ref/occ/instm/MendeleyDocumentsAPI/documentWithDocumentID:task:completionBlock:</TokenIdentifier>
			<Abstract type="html">   obtains a document for given ID from the library
   @param documentID
   @param task
   @param completionBlock</Abstract>
			<DeclaredIn>MendeleyDocumentsAPI.h</DeclaredIn>
			
			<Declaration>- (void)documentWithDocumentID:(NSString *)documentID task:(MendeleyTask *)task completionBlock:(MendeleyObjectCompletionBlock)completionBlock</Declaration>
			
			
			<Anchor>//api/name/documentWithDocumentID:task:completionBlock:</Anchor>
            <NodeRef refid="10"/>
		</Token>
		
		<Token>
			<TokenIdentifier>//apple_ref/occ/instm/MendeleyDocumentsAPI/catalogDocumentWithCatalogID:task:completionBlock:</TokenIdentifier>
			<Abstract type="html">   This method returns a catalog document for a given catalog ID
   @param catalogID
   @param task
   @param completionBlock</Abstract>
			<DeclaredIn>MendeleyDocumentsAPI.h</DeclaredIn>
			
			<Declaration>- (void)catalogDocumentWithCatalogID:(NSString *)catalogID task:(MendeleyTask *)task completionBlock:(MendeleyObjectCompletionBlock)completionBlock</Declaration>
			
			
			<Anchor>//api/name/catalogDocumentWithCatalogID:task:completionBlock:</Anchor>
            <NodeRef refid="10"/>
		</Token>
		
		<Token>
			<TokenIdentifier>//apple_ref/occ/instm/MendeleyDocumentsAPI/catalogDocumentWithParameters:task:completionBlock:</TokenIdentifier>
			<Abstract type="html">   This method obtains a list of documents based on a filter. The filter should not be nil or empty
   @param queryParameters
   @param task
   @param completionBlock</Abstract>
			<DeclaredIn>MendeleyDocumentsAPI.h</DeclaredIn>
			
			<Declaration>- (void)catalogDocumentWithParameters:(MendeleyCatalogParameters *)queryParameters task:(MendeleyTask *)task completionBlock:(MendeleyArrayCompletionBlock)completionBlock</Declaration>
			
			
			<Anchor>//api/name/catalogDocumentWithParameters:task:completionBlock:</Anchor>
            <NodeRef refid="10"/>
		</Token>
		
		<Token>
			<TokenIdentifier>//apple_ref/occ/instm/MendeleyDocumentsAPI/createDocument:task:completionBlock:</TokenIdentifier>
			<Abstract type="html">   this creates a document based on the mendeley object model provided in the argument.
   The server will respond with the JSON data structure for the new object
   @param mendeleyDocument
   @param task
   @param completionBlock</Abstract>
			<DeclaredIn>MendeleyDocumentsAPI.h</DeclaredIn>
			
			<Declaration>- (void)createDocument:(MendeleyDocument *)mendeleyDocument task:(MendeleyTask *)task completionBlock:(MendeleyObjectCompletionBlock)completionBlock</Declaration>
			
			
			<Anchor>//api/name/createDocument:task:completionBlock:</Anchor>
            <NodeRef refid="10"/>
		</Token>
		
		<Token>
			<TokenIdentifier>//apple_ref/occ/instm/MendeleyDocumentsAPI/updateDocument:task:completionBlock:</TokenIdentifier>
			<Abstract type="html">   modify/update a document with ID. The server will return a JSON object with the updated data
   @param updatedMendeleyDocument
   @param task
   @param completionBlock</Abstract>
			<DeclaredIn>MendeleyDocumentsAPI.h</DeclaredIn>
			
			<Declaration>- (void)updateDocument:(MendeleyDocument *)updatedMendeleyDocument task:(MendeleyTask *)task completionBlock:(MendeleyObjectCompletionBlock)completionBlock</Declaration>
			
			
			<Anchor>//api/name/updateDocument:task:completionBlock:</Anchor>
            <NodeRef refid="10"/>
		</Token>
		
		<Token>
			<TokenIdentifier>//apple_ref/occ/instm/MendeleyDocumentsAPI/deleteDocumentWithID:task:completionBlock:</TokenIdentifier>
			<Abstract type="html">   this method will remove a document with given ID permanently. The document data cannot be retrieved.
   However, the user will be able to get a list of permanently removed IDs
   @param documentID
   @param task
   @param completionBlock</Abstract>
			<DeclaredIn>MendeleyDocumentsAPI.h</DeclaredIn>
			
			<Declaration>- (void)deleteDocumentWithID:(NSString *)documentID task:(MendeleyTask *)task completionBlock:(MendeleyCompletionBlock)completionBlock</Declaration>
			
			
			<Anchor>//api/name/deleteDocumentWithID:task:completionBlock:</Anchor>
            <NodeRef refid="10"/>
		</Token>
		
		<Token>
			<TokenIdentifier>//apple_ref/occ/instm/MendeleyDocumentsAPI/trashDocumentWithID:task:completionBlock:</TokenIdentifier>
			<Abstract type="html">   This method will move a document of given ID into the trash on the server. Data in trash can be restored
   (as opposed to using the deleteDocumentWithID:completionBlock: method which permanently removes them)
   @param documentID
   @param task
   @param completionBlock</Abstract>
			<DeclaredIn>MendeleyDocumentsAPI.h</DeclaredIn>
			
			<Declaration>- (void)trashDocumentWithID:(NSString *)documentID task:(MendeleyTask *)task completionBlock:(MendeleyCompletionBlock)completionBlock</Declaration>
			
			
			<Anchor>//api/name/trashDocumentWithID:task:completionBlock:</Anchor>
            <NodeRef refid="10"/>
		</Token>
		
		<Token>
			<TokenIdentifier>//apple_ref/occ/instm/MendeleyDocumentsAPI/deletedDocumentsSince:groupID:task:completionBlock:</TokenIdentifier>
			<Abstract type="html">   This method returns a list of document IDs that were permanently deleted. The list of deleted IDs will be kept on
   the server for a limited period of time.
   @param deletedSince
   @param task
   @param completionBlock</Abstract>
			<DeclaredIn>MendeleyDocumentsAPI.h</DeclaredIn>
			
			<Declaration>- (void)deletedDocumentsSince:(NSDate *)deletedSince groupID:(NSString *)groupID task:(MendeleyTask *)task completionBlock:(MendeleyArrayCompletionBlock)completionBlock</Declaration>
			
			
			<Anchor>//api/name/deletedDocumentsSince:groupID:task:completionBlock:</Anchor>
            <NodeRef refid="10"/>
		</Token>
		
		<Token>
			<TokenIdentifier>//apple_ref/occ/instm/MendeleyDocumentsAPI/trashedDocumentListWithLinkedURL:task:completionBlock:</TokenIdentifier>
			<Abstract type="html">   This method obtains a list for a given page link of &apos;trashed&apos; documents
   based on a list of query parameters.
   All required parameters are provided in the linkURL, which should not be modified</Abstract>
			<DeclaredIn>MendeleyDocumentsAPI.h</DeclaredIn>
			
			<Declaration>- (void)trashedDocumentListWithLinkedURL:(NSURL *)linkURL task:(MendeleyTask *)task completionBlock:(MendeleyArrayCompletionBlock)completionBlock</Declaration>
			<Parameters>
				<Parameter>
					<Name>linkURL</Name>
					<Abstract type="html">the full HTTP link to the document listings page
   @param task
   @param completionBlock</Abstract>
				</Parameter>
			</Parameters>
			
			<Anchor>//api/name/trashedDocumentListWithLinkedURL:task:completionBlock:</Anchor>
            <NodeRef refid="10"/>
		</Token>
		
		<Token>
			<TokenIdentifier>//apple_ref/occ/instm/MendeleyDocumentsAPI/trashedDocumentListWithQueryParameters:task:completionBlock:</TokenIdentifier>
			<Abstract type="html">   This method obtains a list for the &apos;first&apos; page of &apos;trashed&apos; documents
   based on a list of query parameters.</Abstract>
			<DeclaredIn>MendeleyDocumentsAPI.h</DeclaredIn>
			
			<Declaration>- (void)trashedDocumentListWithQueryParameters:(MendeleyDocumentParameters *)queryParameters task:(MendeleyTask *)task completionBlock:(MendeleyArrayCompletionBlock)completionBlock</Declaration>
			<Parameters>
				<Parameter>
					<Name>parameters</Name>
					<Abstract type="html">the parameter set to be used in the request
   @param task
   @param completionBlock</Abstract>
				</Parameter>
			</Parameters>
			
			<Anchor>//api/name/trashedDocumentListWithQueryParameters:task:completionBlock:</Anchor>
            <NodeRef refid="10"/>
		</Token>
		
		<Token>
			<TokenIdentifier>//apple_ref/occ/instm/MendeleyDocumentsAPI/deleteTrashedDocumentWithID:task:completionBlock:</TokenIdentifier>
			<Abstract type="html">   this method will remove a trashed document with given ID permanently.
   The document data cannot be retrieved.
   However, the user will be able to get a list of permanently removed IDs
   @param documentID
   @param task
   @param completionBlock</Abstract>
			<DeclaredIn>MendeleyDocumentsAPI.h</DeclaredIn>
			
			<Declaration>- (void)deleteTrashedDocumentWithID:(NSString *)documentID task:(MendeleyTask *)task completionBlock:(MendeleyCompletionBlock)completionBlock</Declaration>
			
			
			<Anchor>//api/name/deleteTrashedDocumentWithID:task:completionBlock:</Anchor>
            <NodeRef refid="10"/>
		</Token>
		
		<Token>
			<TokenIdentifier>//apple_ref/occ/instm/MendeleyDocumentsAPI/restoreTrashedDocumentWithID:task:completionBlock:</TokenIdentifier>
			<Abstract type="html">   this method will restore a trashed document.
   In essence this means the document must be retrieved using the /documents API
   @param documentID
   @param task
   @param completionBlock</Abstract>
			<DeclaredIn>MendeleyDocumentsAPI.h</DeclaredIn>
			
			<Declaration>- (void)restoreTrashedDocumentWithID:(NSString *)documentID task:(MendeleyTask *)task completionBlock:(MendeleyCompletionBlock)completionBlock</Declaration>
			
			
			<Anchor>//api/name/restoreTrashedDocumentWithID:task:completionBlock:</Anchor>
            <NodeRef refid="10"/>
		</Token>
		
		<Token>
			<TokenIdentifier>//apple_ref/occ/instm/MendeleyDocumentsAPI/trashedDocumentWithDocumentID:task:completionBlock:</TokenIdentifier>
			<Abstract type="html">   obtains a document for given ID from the library
   @param documentID
   @param task
   @param completionBlock</Abstract>
			<DeclaredIn>MendeleyDocumentsAPI.h</DeclaredIn>
			
			<Declaration>- (void)trashedDocumentWithDocumentID:(NSString *)documentID task:(MendeleyTask *)task completionBlock:(MendeleyObjectCompletionBlock)completionBlock</Declaration>
			
			
			<Anchor>//api/name/trashedDocumentWithDocumentID:task:completionBlock:</Anchor>
            <NodeRef refid="10"/>
		</Token>
		
		<Token>
			<TokenIdentifier>//apple_ref/occ/instm/MendeleyDocumentsAPI/documentTypesWithTask:completionBlock:</TokenIdentifier>
			<Abstract type="html">   Method to obtain the supported document types (e.g. journal, book etc)
   @param task
   @param completionBlock</Abstract>
			<DeclaredIn>MendeleyDocumentsAPI.h</DeclaredIn>
			
			<Declaration>- (void)documentTypesWithTask:(MendeleyTask *)task completionBlock:(MendeleyArrayCompletionBlock)completionBlock</Declaration>
			
			
			<Anchor>//api/name/documentTypesWithTask:completionBlock:</Anchor>
            <NodeRef refid="10"/>
		</Token>
		
		<Token>
			<TokenIdentifier>//apple_ref/occ/instm/MendeleyDocumentsAPI/identifierTypesWithTask:completionBlock:</TokenIdentifier>
			<Abstract type="html">   Method to obtain the supported identifier types (e.g. pmid, doi, arXiv etc)
   @param task
   @param completionBlock</Abstract>
			<DeclaredIn>MendeleyDocumentsAPI.h</DeclaredIn>
			
			<Declaration>- (void)identifierTypesWithTask:(MendeleyTask *)task completionBlock:(MendeleyArrayCompletionBlock)completionBlock</Declaration>
			
			
			<Anchor>//api/name/identifierTypesWithTask:completionBlock:</Anchor>
            <NodeRef refid="10"/>
		</Token>
		
		<Token>
			<TokenIdentifier>//apple_ref/occ/instm/MendeleyDocumentsAPI/documentFromFileWithURL:mimeType:task:completionBlock:</TokenIdentifier>
			<Abstract type="html">   uploads a file from a location and returns a Mendeley Document in the completion handler</Abstract>
			<DeclaredIn>MendeleyDocumentsAPI.h</DeclaredIn>
			
			<Declaration>- (void)documentFromFileWithURL:(NSURL *)fileURL mimeType:(NSString *)mimeType task:(MendeleyTask *)task completionBlock:(MendeleyObjectCompletionBlock)completionBlock</Declaration>
			<Parameters>
				<Parameter>
					<Name>fileURL</Name>
					<Abstract type="html">the location of the file</Abstract>
				</Parameter><Parameter>
					<Name>mimeType</Name>
					<Abstract type="html">e.g. &apos;application/pdf&apos;
   @param task
   @param completionBlock</Abstract>
				</Parameter>
			</Parameters>
			
			<Anchor>//api/name/documentFromFileWithURL:mimeType:task:completionBlock:</Anchor>
            <NodeRef refid="10"/>
		</Token>
		
        
        
	</File>
</Tokens>