<?xml version="1.0" encoding="UTF-8"?>
<Tokens version="1.0">
	<File path="Constants/MendeleyHTTPRequestType.html">
		
		<Token>
			<TokenIdentifier>//apple_ref/c/tdef/MendeleyHTTPRequestType</TokenIdentifier>
			<Abstract type="html"></Abstract>
			<DeclaredIn>MendeleyGlobals.h</DeclaredIn>
            
			
			<NodeRef refid="67"/>
		</Token>
		
		
        
        <Token>
            <TokenIdentifier>//apple_ref/c/econst/HTTP_GET</TokenIdentifier>
            <Abstract type="html"></Abstract>
            <Declaration>HTTP_GET</Declaration>
            
            <DeclaredIn>MendeleyGlobals.h</DeclaredIn>
            
            <NodeRef refid="67"/>
        </Token>
        
        <Token>
            <TokenIdentifier>//apple_ref/c/econst/HTTP_DELETE</TokenIdentifier>
            <Abstract type="html"></Abstract>
            <Declaration>HTTP_DELETE</Declaration>
            
            <DeclaredIn>MendeleyGlobals.h</DeclaredIn>
            
            <NodeRef refid="67"/>
        </Token>
        
        <Token>
            <TokenIdentifier>//apple_ref/c/econst/HTTP_POST</TokenIdentifier>
            <Abstract type="html"></Abstract>
            <Declaration>HTTP_POST</Declaration>
            
            <DeclaredIn>MendeleyGlobals.h</DeclaredIn>
            
            <NodeRef refid="67"/>
        </Token>
        
        <Token>
            <TokenIdentifier>//apple_ref/c/econst/HTTP_PUT</TokenIdentifier>
            <Abstract type="html"></Abstract>
            <Declaration>HTTP_PUT</Declaration>
            
            <DeclaredIn>MendeleyGlobals.h</DeclaredIn>
            
            <NodeRef refid="67"/>
        </Token>
        
        <Token>
            <TokenIdentifier>//apple_ref/c/econst/HTTP_PATCH</TokenIdentifier>
            <Abstract type="html"></Abstract>
            <Declaration>HTTP_PATCH</Declaration>
            
            <DeclaredIn>MendeleyGlobals.h</DeclaredIn>
            
            <NodeRef refid="67"/>
        </Token>
        
        <Token>
            <TokenIdentifier>//apple_ref/c/econst/HTTP_HEAD</TokenIdentifier>
            <Abstract type="html"></Abstract>
            <Declaration>HTTP_HEAD</Declaration>
            
            <DeclaredIn>MendeleyGlobals.h</DeclaredIn>
            
            <NodeRef refid="67"/>
        </Token>
        
        
	</File>
</Tokens>