<?xml version="1.0" encoding="UTF-8"?>
<Tokens version="1.0">
	<File path="Classes/MendeleyOAuthCredentials.html">
		
		<Token>
			<TokenIdentifier>//apple_ref/occ/cl/MendeleyOAuthCredentials</TokenIdentifier>
			<Abstract type="html"></Abstract>
			<DeclaredIn>MendeleyOAuthCredentials.h</DeclaredIn>
            
			
			<NodeRef refid="32"/>
		</Token>
		
		
		<Token>
			<TokenIdentifier>//apple_ref/occ/instm/MendeleyOAuthCredentials/authenticationHeader</TokenIdentifier>
			<Abstract type="html">the authentication header as dictionary</Abstract>
			<DeclaredIn>MendeleyOAuthCredentials.h</DeclaredIn>
			
			<Declaration>- (NSDictionary *)authenticationHeader</Declaration>
			
			<ReturnValue><Abstract type="html">the authentication header as dictionary</Abstract></ReturnValue>
			<Anchor>//api/name/authenticationHeader</Anchor>
            <NodeRef refid="32"/>
		</Token>
		
		<Token>
			<TokenIdentifier>//apple_ref/occ/instm/MendeleyOAuthCredentials/oauthCredentialIsExpired</TokenIdentifier>
			<Abstract type="html">YES if access token is expired, NO otherwise</Abstract>
			<DeclaredIn>MendeleyOAuthCredentials.h</DeclaredIn>
			
			<Declaration>- (BOOL)oauthCredentialIsExpired</Declaration>
			
			<ReturnValue><Abstract type="html">YES if access token is expired, NO otherwise</Abstract></ReturnValue>
			<Anchor>//api/name/oauthCredentialIsExpired</Anchor>
            <NodeRef refid="32"/>
		</Token>
		
        
        
	</File>
</Tokens>