<?xml version="1.0" encoding="UTF-8"?>
<Tokens version="1.0">
	<File path="Classes/MendeleyObjectAPI.html">
		
		<Token>
			<TokenIdentifier>//apple_ref/occ/cl/MendeleyObjectAPI</TokenIdentifier>
			<Abstract type="html"></Abstract>
			<DeclaredIn>MendeleyObjectAPI.h</DeclaredIn>
            
			
			<NodeRef refid="36"/>
		</Token>
		
		
		<Token>
			<TokenIdentifier>//apple_ref/occ/instm/MendeleyObjectAPI/initWithNetworkProvider:baseURL:</TokenIdentifier>
			<Abstract type="html">   A general creator of MendeleyObjectAPI</Abstract>
			<DeclaredIn>MendeleyObjectAPI.h</DeclaredIn>
			
			<Declaration>- (instancetype)initWithNetworkProvider:(id&lt;MendeleyNetworkProvider&gt;)provider baseURL:(NSURL *)baseURL</Declaration>
			<Parameters>
				<Parameter>
					<Name>provider</Name>
					<Abstract type="html">the network provider. By default the MendeleyDefaultNetworkProvider is taken. This is based on NSURLSession
   @param baseURL</Abstract>
				</Parameter>
			</Parameters>
			
			<Anchor>//api/name/initWithNetworkProvider:baseURL:</Anchor>
            <NodeRef refid="36"/>
		</Token>
		
        
        
	</File>
</Tokens>