<?xml version="1.0" encoding="UTF-8"?>
<Tokens version="1.0">
	<File path="Classes/MendeleyQueryRequestParameters.html">
		
		<Token>
			<TokenIdentifier>//apple_ref/occ/cl/MendeleyQueryRequestParameters</TokenIdentifier>
			<Abstract type="html"></Abstract>
			<DeclaredIn>MendeleyQueryRequestParameters.h</DeclaredIn>
            
			
			<NodeRef refid="33"/>
		</Token>
		
		
		<Token>
			<TokenIdentifier>//apple_ref/occ/instm/MendeleyQueryRequestParameters/valueStringDictionary</TokenIdentifier>
			<Abstract type="html">   This method convers parameters defined in the request parameter objects into a
   string-key/value based map - for use as query parameters in API calls.</Abstract>
			<DeclaredIn>MendeleyQueryRequestParameters.h</DeclaredIn>
			
			<Declaration>- (NSDictionary *)valueStringDictionary</Declaration>
			
			
			<Anchor>//api/name/valueStringDictionary</Anchor>
            <NodeRef refid="33"/>
		</Token>
		
		<Token>
			<TokenIdentifier>//apple_ref/occ/instm/MendeleyQueryRequestParameters/valueStringDictionaryWithNoLimit</TokenIdentifier>
			<Abstract type="html">   As above, this method returns a map of string-key objects and non-nil values to be used
   as query parameters in API calls.
   NOTE: this method will NOT contain limit as a parameter</Abstract>
			<DeclaredIn>MendeleyQueryRequestParameters.h</DeclaredIn>
			
			<Declaration>- (NSDictionary *)valueStringDictionaryWithNoLimit</Declaration>
			
			
			<Anchor>//api/name/valueStringDictionaryWithNoLimit</Anchor>
            <NodeRef refid="33"/>
		</Token>
		
		<Token>
			<TokenIdentifier>//apple_ref/occ/instm/MendeleyQueryRequestParameters/hasQueryParameterWithName:</TokenIdentifier>
			<Abstract type="html">   checks if a property with the provided name exists in the MendeleyQueryRequestParameters object
   and the subclass calling it
   @param propertyName</Abstract>
			<DeclaredIn>MendeleyQueryRequestParameters.h</DeclaredIn>
			
			<Declaration>- (BOOL)hasQueryParameterWithName:(NSString *)queryParameterName</Declaration>
			
			
			<Anchor>//api/name/hasQueryParameterWithName:</Anchor>
            <NodeRef refid="33"/>
		</Token>
		
        
        
	</File>
</Tokens>