<?xml version="1.0" encoding="UTF-8"?>
<Tokens version="1.0">
	<File path="Classes/MendeleyURLBuilder.html">
		
		<Token>
			<TokenIdentifier>//apple_ref/occ/cl/MendeleyURLBuilder</TokenIdentifier>
			<Abstract type="html"></Abstract>
			<DeclaredIn>MendeleyURLBuilder.h</DeclaredIn>
            
			
			<NodeRef refid="48"/>
		</Token>
		
		
		<Token>
			<TokenIdentifier>//apple_ref/occ/clm/MendeleyURLBuilder/urlWithBaseURL:parameters:query:</TokenIdentifier>
			<Abstract type="html">to be appended</Abstract>
			<DeclaredIn>MendeleyURLBuilder.h</DeclaredIn>
			
			<Declaration>+ (NSURL *)urlWithBaseURL:(NSURL *)baseURL parameters:(NSDictionary *)parameters query:(BOOL)query</Declaration>
			<Parameters>
				<Parameter>
					<Name>baseURL</Name>
					<Abstract type="html">to be appended</Abstract>
				</Parameter><Parameter>
					<Name>parameters</Name>
					<Abstract type="html">list of parameters to append to URL</Abstract>
				</Parameter><Parameter>
					<Name>query</Name>
					<Abstract type="html">if YES the list of parameters starts with ?</Abstract>
				</Parameter>
			</Parameters>
			
			<Anchor>//api/name/urlWithBaseURL:parameters:query:</Anchor>
            <NodeRef refid="48"/>
		</Token>
		
		<Token>
			<TokenIdentifier>//apple_ref/occ/clm/MendeleyURLBuilder/httpBodyFromParameters:</TokenIdentifier>
			<Abstract type="html">   returns a list of key=value pairs separated by &amp;amp;</Abstract>
			<DeclaredIn>MendeleyURLBuilder.h</DeclaredIn>
			
			<Declaration>+ (NSData *)httpBodyFromParameters:(NSDictionary *)parameters</Declaration>
			<Parameters>
				<Parameter>
					<Name>parameters</Name>
					<Abstract type="html">both key and value must be NSString objects</Abstract>
				</Parameter>
			</Parameters>
			<ReturnValue><Abstract type="html">the NSData using UTF8String encoding</Abstract></ReturnValue>
			<Anchor>//api/name/httpBodyFromParameters:</Anchor>
            <NodeRef refid="48"/>
		</Token>
		
		<Token>
			<TokenIdentifier>//apple_ref/occ/clm/MendeleyURLBuilder/httpBodyStringFromParameters:</TokenIdentifier>
			<Abstract type="html">   returns a list of key=value pairs separated by &amp;amp;</Abstract>
			<DeclaredIn>MendeleyURLBuilder.h</DeclaredIn>
			
			<Declaration>+ (NSString *)httpBodyStringFromParameters:(NSDictionary *)parameters</Declaration>
			<Parameters>
				<Parameter>
					<Name>parameters</Name>
					<Abstract type="html">both key and value must be NSString objects</Abstract>
				</Parameter>
			</Parameters>
			<ReturnValue><Abstract type="html">the NSString using UTF8String encoding</Abstract></ReturnValue>
			<Anchor>//api/name/httpBodyStringFromParameters:</Anchor>
            <NodeRef refid="48"/>
		</Token>
		
		<Token>
			<TokenIdentifier>//apple_ref/occ/clm/MendeleyURLBuilder/defaultHeader</TokenIdentifier>
			<Abstract type="html">a default header to be used in HTTP requests</Abstract>
			<DeclaredIn>MendeleyURLBuilder.h</DeclaredIn>
			
			<Declaration>+ (NSDictionary *)defaultHeader</Declaration>
			
			<ReturnValue><Abstract type="html">a default header to be used in HTTP requests</Abstract></ReturnValue>
			<Anchor>//api/name/defaultHeader</Anchor>
            <NodeRef refid="48"/>
		</Token>
		
        
        
	</File>
</Tokens>