<?xml version="1.0" encoding="UTF-8"?>
<Tokens version="1.0">
	<File path="Classes/MendeleyFollowersAPI.html">
		
		<Token>
			<TokenIdentifier>//apple_ref/occ/cl/MendeleyFollowersAPI</TokenIdentifier>
			<Abstract type="html"></Abstract>
			<DeclaredIn>MendeleyFollowersAPI.h</DeclaredIn>
            
			
			<NodeRef refid="17"/>
		</Token>
		
		
		<Token>
			<TokenIdentifier>//apple_ref/occ/instm/MendeleyFollowersAPI/followersForUserWithID:parameters:task:completionBlock:</TokenIdentifier>
			<Abstract type="html">   BETA - Obtain a list of followers for a given user.
   @param profileID
   @param parameters
   @param task</Abstract>
			<DeclaredIn>MendeleyFollowersAPI.h</DeclaredIn>
			
			<Declaration>- (void)followersForUserWithID:(NSString *)profileID parameters:(MendeleyFollowersParameters *)parameters task:(MendeleyTask *)task completionBlock:(MendeleyArrayCompletionBlock)completionBlock</Declaration>
			<Parameters>
				<Parameter>
					<Name>completionBlock</Name>
					<Abstract type="html">- the array contained in the completionBlock will be an array of MendeleyFollow objects</Abstract>
				</Parameter>
			</Parameters>
			
			<Anchor>//api/name/followersForUserWithID:parameters:task:completionBlock:</Anchor>
            <NodeRef refid="17"/>
		</Token>
		
		<Token>
			<TokenIdentifier>//apple_ref/occ/instm/MendeleyFollowersAPI/followedByUserWithID:parameters:task:completionBlock:</TokenIdentifier>
			<Abstract type="html">   BETA - Obtain a list of users followed by a given user.
   @param profileID
   @param parameters
   @param task</Abstract>
			<DeclaredIn>MendeleyFollowersAPI.h</DeclaredIn>
			
			<Declaration>- (void)followedByUserWithID:(NSString *)profileID parameters:(MendeleyFollowersParameters *)parameters task:(MendeleyTask *)task completionBlock:(MendeleyArrayCompletionBlock)completionBlock</Declaration>
			<Parameters>
				<Parameter>
					<Name>completionBlock</Name>
					<Abstract type="html">- the array contained in the completionBlock will be an array of MendeleyFollow objects</Abstract>
				</Parameter>
			</Parameters>
			
			<Anchor>//api/name/followedByUserWithID:parameters:task:completionBlock:</Anchor>
            <NodeRef refid="17"/>
		</Token>
		
		<Token>
			<TokenIdentifier>//apple_ref/occ/instm/MendeleyFollowersAPI/pendingFollowersForUserWithID:parameters:task:completionBlock:</TokenIdentifier>
			<Abstract type="html">   BETA - Obtain a list of pending followers for a given user.
   @param profileID
   @param parameters
   @param task</Abstract>
			<DeclaredIn>MendeleyFollowersAPI.h</DeclaredIn>
			
			<Declaration>- (void)pendingFollowersForUserWithID:(NSString *)profileID parameters:(MendeleyFollowersParameters *)parameters task:(MendeleyTask *)task completionBlock:(MendeleyArrayCompletionBlock)completionBlock</Declaration>
			<Parameters>
				<Parameter>
					<Name>completionBlock</Name>
					<Abstract type="html">- the array contained in the completionBlock will be an array of MendeleyFollow objects</Abstract>
				</Parameter>
			</Parameters>
			
			<Anchor>//api/name/pendingFollowersForUserWithID:parameters:task:completionBlock:</Anchor>
            <NodeRef refid="17"/>
		</Token>
		
		<Token>
			<TokenIdentifier>//apple_ref/occ/instm/MendeleyFollowersAPI/pendingFollowedByUserWithID:parameters:task:completionBlock:</TokenIdentifier>
			<Abstract type="html">   BETA - Obtain a list of pending users followed by a given user.
   @param profileID
   @param parameters
   @param task</Abstract>
			<DeclaredIn>MendeleyFollowersAPI.h</DeclaredIn>
			
			<Declaration>- (void)pendingFollowedByUserWithID:(NSString *)profileID parameters:(MendeleyFollowersParameters *)parameters task:(MendeleyTask *)task completionBlock:(MendeleyArrayCompletionBlock)completionBlock</Declaration>
			<Parameters>
				<Parameter>
					<Name>completionBlock</Name>
					<Abstract type="html">- the array contained in the completionBlock will be an array of MendeleyFollow objects</Abstract>
				</Parameter>
			</Parameters>
			
			<Anchor>//api/name/pendingFollowedByUserWithID:parameters:task:completionBlock:</Anchor>
            <NodeRef refid="17"/>
		</Token>
		
		<Token>
			<TokenIdentifier>//apple_ref/occ/instm/MendeleyFollowersAPI/followUserWithID:task:completionBlock:</TokenIdentifier>
			<Abstract type="html">   BETA - Start following another user.
   @param followedID
   @param task</Abstract>
			<DeclaredIn>MendeleyFollowersAPI.h</DeclaredIn>
			
			<Declaration>- (void)followUserWithID:(NSString *)followedID task:(MendeleyTask *)task completionBlock:(MendeleyObjectCompletionBlock)completionBlock</Declaration>
			<Parameters>
				<Parameter>
					<Name>completionBlock</Name>
					<Abstract type="html">- the object contained in the completionBlock will be a MendeleyFollow object</Abstract>
				</Parameter>
			</Parameters>
			
			<Anchor>//api/name/followUserWithID:task:completionBlock:</Anchor>
            <NodeRef refid="17"/>
		</Token>
		
		<Token>
			<TokenIdentifier>//apple_ref/occ/instm/MendeleyFollowersAPI/acceptFollowRequestWithID:task:completionBlock:</TokenIdentifier>
			<Abstract type="html">   BETA - Accept a pending follow request
   @param requestID
   @param task
   @param completionBlock</Abstract>
			<DeclaredIn>MendeleyFollowersAPI.h</DeclaredIn>
			
			<Declaration>- (void)acceptFollowRequestWithID:(NSString *)requestID task:(MendeleyTask *)task completionBlock:(MendeleyCompletionBlock)completionBlock</Declaration>
			
			
			<Anchor>//api/name/acceptFollowRequestWithID:task:completionBlock:</Anchor>
            <NodeRef refid="17"/>
		</Token>
		
		<Token>
			<TokenIdentifier>//apple_ref/occ/instm/MendeleyFollowersAPI/stopOrDenyRelationshipWithID:task:completionBlock:</TokenIdentifier>
			<Abstract type="html">   BETA -Stop following a profile, cancel a follow request or reject a follow request
   @param relationshipID
   @param task
   @param completionBlock</Abstract>
			<DeclaredIn>MendeleyFollowersAPI.h</DeclaredIn>
			
			<Declaration>- (void)stopOrDenyRelationshipWithID:(NSString *)relationshipID task:(MendeleyTask *)task completionBlock:(MendeleyCompletionBlock)completionBlock</Declaration>
			
			
			<Anchor>//api/name/stopOrDenyRelationshipWithID:task:completionBlock:</Anchor>
            <NodeRef refid="17"/>
		</Token>
		
        
        
	</File>
</Tokens>