<?xml version="1.0" encoding="UTF-8"?>
<Tokens version="1.0">
	<File path="Classes/ViewController.html">
		
		<Token>
			<TokenIdentifier>//apple_ref/occ/cl/ViewController</TokenIdentifier>
			<Abstract type="html">Note: the defines below must NEVER be checked into the mendeley github
repository.
Any pull requests containing any real values for the defines below will be rejected
and/or removed</Abstract>
			<DeclaredIn>ViewController.h</DeclaredIn>
            
			
			<NodeRef refid="52"/>
		</Token>
		
		
        
        
	</File>
</Tokens>